,Subjs,Block,Trial,Cond,tap,p1,p2,Asyns_c,Asyns_p1,Asyns_p2
0,0,0,0,D1,0,3.0,23.0,-1.0,2.0,22.0
1,0,0,0,D1,1,4.0,21.0,-7.0,-3.0,14.0
2,0,0,0,D1,2,3.0,21.0,-22.0,-19.0,-1.0
3,0,0,0,D1,3,3.0,22.0,-18.0,-15.0,4.0
4,0,0,0,D1,4,2.0,26.0,-12.0,-10.0,14.0
5,0,0,0,D1,5,2.0,24.0,-7.0,-5.0,17.0
6,0,0,0,D1,6,3.0,24.0,10.0,13.0,34.0
7,0,0,0,D1,7,3.0,23.0,5.0,8.0,28.0
8,0,0,0,D1,8,3.0,22.0,4.0,7.0,26.0
9,0,0,0,D1,9,4.0,23.0,-0.0,4.0,23.0
10,0,0,0,D1,10,3.0,25.0,13.0,16.0,38.0
11,0,0,0,D1,11,2.0,25.0,27.0,29.0,52.0
12,0,0,0,D1,12,3.0,24.0,-0.0,3.0,24.0
13,0,0,0,D1,13,3.0,24.0,4.0,7.0,28.0
14,0,0,0,D1,14,3.0,27.0,-26.0,-23.0,1.0
15,0,0,0,D1,15,3.0,24.0,-19.0,-16.0,5.0
16,0,0,0,D1,16,3.0,24.0,-23.0,-20.0,1.0
17,0,0,0,D1,17,4.0,23.0,-43.0,-39.0,-20.0
18,0,0,0,D1,18,4.0,13.0,-57.0,-53.0,-44.0
19,0,0,1,D1,0,3.0,22.0,12.0,15.0,34.0
20,0,0,1,D1,1,3.0,22.0,25.0,28.0,47.0
21,0,0,1,D1,2,2.0,21.0,2.0,4.0,23.0
22,0,0,1,D1,3,3.0,23.0,3.0,6.0,26.0
23,0,0,1,D1,4,3.0,23.0,-0.0,3.0,23.0
24,0,0,1,D1,5,3.0,25.0,-12.0,-9.0,13.0
25,0,0,1,D1,6,3.0,27.0,-32.0,-29.0,-5.0
26,0,0,1,D1,7,2.0,26.0,-24.0,-22.0,2.0
27,0,0,1,D1,8,3.0,21.0,-30.0,-27.0,-9.0
28,0,0,1,D1,9,3.0,22.0,6.0,9.0,28.0
29,0,0,1,D1,10,3.0,24.0,32.0,35.0,56.0
30,0,0,1,D1,11,3.0,12.0,8.0,11.0,20.0
31,0,0,1,D1,12,3.0,22.0,-22.0,-19.0,0.0
32,0,0,1,D1,13,3.0,21.0,-30.0,-27.0,-9.0
33,0,0,1,D1,14,3.0,21.0,-25.0,-22.0,-4.0
34,0,0,1,D1,15,3.0,15.0,-24.0,-21.0,-9.0
35,0,0,1,D1,16,3.0,22.0,-35.0,-32.0,-13.0
36,0,0,1,D1,17,3.0,24.0,-34.0,-31.0,-10.0
37,0,0,1,D1,18,2.0,23.0,-2.0,0.0,21.0
38,0,0,2,D2,0,9.0,75.0,-35.0,-26.0,40.0
39,0,0,2,D2,1,2.0,27.0,-18.0,-16.0,9.0
40,0,0,2,D2,2,3.0,27.0,-52.0,-49.0,-25.0
41,0,0,2,D2,3,3.0,31.0,-40.0,-37.0,-9.0
42,0,0,2,D2,4,12.0,23.0,-33.0,-21.0,-10.0
43,0,0,2,D2,5,3.0,27.0,-54.0,-51.0,-27.0
44,0,0,2,D2,6,2.0,25.0,-36.0,-34.0,-11.0
45,0,0,2,D2,7,3.0,25.0,-14.0,-11.0,11.0
46,0,0,2,D2,8,2.0,23.0,-50.0,-48.0,-27.0
47,0,0,2,D2,9,3.0,24.0,-56.0,-53.0,-32.0
48,0,0,2,D2,10,3.0,24.0,-55.0,-52.0,-31.0
49,0,0,2,D2,11,3.0,23.0,-59.0,-56.0,-36.0
50,0,0,2,D2,12,3.0,22.0,-59.0,-56.0,-37.0
51,0,0,2,D2,13,3.0,23.0,-89.0,-86.0,-66.0
52,0,0,2,D2,14,3.0,23.0,-71.0,-68.0,-48.0
53,0,0,2,D2,15,3.0,23.0,-36.0,-33.0,-13.0
54,0,0,2,D2,16,2.0,19.0,41.0,43.0,60.0
55,0,0,2,D2,17,2.0,21.0,19.0,21.0,40.0
56,0,0,2,D2,18,2.0,24.0,6.0,8.0,30.0
57,0,0,3,D2,0,3.0,24.0,-29.0,-26.0,-5.0
58,0,0,3,D2,1,2.0,25.0,-46.0,-44.0,-21.0
59,0,0,3,D2,2,2.0,22.0,-48.0,-46.0,-26.0
60,0,0,3,D2,3,3.0,24.0,-61.0,-58.0,-37.0
61,0,0,3,D2,4,2.0,23.0,-16.0,-14.0,7.0
62,0,0,3,D2,5,2.0,24.0,-75.0,-73.0,-51.0
63,0,0,3,D2,6,3.0,26.0,-15.0,-12.0,11.0
64,0,0,3,D2,7,2.0,18.0,-3.0,-1.0,15.0
65,0,0,3,D2,8,3.0,23.0,14.0,17.0,37.0
66,0,0,3,D2,9,2.0,22.0,-14.0,-12.0,8.0
67,0,0,3,D2,10,3.0,24.0,-10.0,-7.0,14.0
68,0,0,3,D2,11,2.0,22.0,-28.0,-26.0,-6.0
69,0,0,3,D2,12,4.0,24.0,-41.0,-37.0,-17.0
70,0,0,3,D2,13,2.0,25.0,-67.0,-65.0,-42.0
71,0,0,3,D2,14,2.0,24.0,-46.0,-44.0,-22.0
72,0,0,4,D1,0,17.0,34.0,-8.0,9.0,26.0
73,0,0,4,D1,1,4.0,24.0,8.0,12.0,32.0
74,0,0,4,D1,2,2.0,24.0,28.0,30.0,52.0
75,0,0,4,D1,3,5.0,23.0,11.0,16.0,34.0
76,0,0,4,D1,4,2.0,24.0,20.0,22.0,44.0
77,0,0,4,D1,5,2.0,25.0,20.0,22.0,45.0
78,0,0,4,D1,6,2.0,25.0,4.0,6.0,29.0
79,0,0,4,D1,7,3.0,24.0,4.0,7.0,28.0
80,0,0,4,D1,8,8.0,16.0,10.0,18.0,26.0
81,0,0,4,D1,9,3.0,25.0,13.0,16.0,38.0
82,0,0,4,D1,10,2.0,24.0,9.0,11.0,33.0
83,0,0,4,D1,11,2.0,25.0,4.0,6.0,29.0
84,0,0,4,D1,12,3.0,24.0,13.0,16.0,37.0
85,0,0,4,D1,13,3.0,23.0,-5.0,-2.0,18.0
86,0,0,4,D1,14,3.0,27.0,9.0,12.0,36.0
87,0,0,4,D1,15,3.0,26.0,5.0,8.0,31.0
88,0,0,4,D1,16,3.0,21.0,-10.0,-7.0,11.0
89,0,0,4,D1,17,2.0,26.0,-11.0,-9.0,15.0
90,0,0,4,D1,18,2.0,25.0,8.0,10.0,33.0
91,0,0,4,D1,19,3.0,26.0,8.0,11.0,34.0
92,0,0,5,D2,1,3.0,21.0,-14.0,-11.0,7.0
93,0,0,5,D2,2,3.0,27.0,-5.0,-2.0,22.0
94,0,0,5,D2,3,3.0,27.0,-43.0,-40.0,-16.0
95,0,0,5,D2,4,2.0,26.0,-74.0,-72.0,-48.0
96,0,0,5,D2,5,3.0,25.0,-8.0,-5.0,17.0
97,0,0,5,D2,6,3.0,25.0,-33.0,-30.0,-8.0
98,0,0,5,D2,7,3.0,25.0,-71.0,-68.0,-46.0
99,0,0,5,D2,8,3.0,24.0,15.0,18.0,39.0
100,0,0,5,D2,9,3.0,25.0,12.0,15.0,37.0
101,0,0,5,D2,10,3.0,14.0,-29.0,-26.0,-15.0
102,0,0,5,D2,11,3.0,26.0,-58.0,-55.0,-32.0
103,0,0,5,D2,12,3.0,22.0,3.0,6.0,25.0
104,0,0,5,D2,13,3.0,22.0,-20.0,-17.0,2.0
105,0,0,5,D2,14,3.0,25.0,-20.0,-17.0,5.0
106,0,0,5,D2,15,3.0,28.0,-47.0,-44.0,-19.0
107,0,0,5,D2,16,3.0,29.0,-27.0,-24.0,2.0
108,0,0,5,D2,17,3.0,27.0,-10.0,-7.0,17.0
109,0,0,5,D2,18,2.0,31.0,15.0,17.0,46.0
110,0,0,6,D2,0,2.0,25.0,-42.0,-40.0,-17.0
111,0,0,6,D2,1,3.0,25.0,-43.0,-40.0,-18.0
112,0,0,6,D2,2,3.0,25.0,-30.0,-27.0,-5.0
113,0,0,6,D2,3,3.0,22.0,-30.0,-27.0,-8.0
114,0,0,6,D2,4,3.0,23.0,2.0,5.0,25.0
115,0,0,6,D2,5,2.0,23.0,-5.0,-3.0,18.0
116,0,0,6,D2,6,3.0,25.0,7.0,10.0,32.0
117,0,0,6,D2,7,3.0,24.0,-61.0,-58.0,-37.0
118,0,0,6,D2,8,2.0,12.0,-47.0,-45.0,-35.0
119,0,0,6,D2,9,3.0,23.0,9.0,12.0,32.0
120,0,0,6,D2,10,2.0,24.0,8.0,10.0,32.0
121,0,0,6,D2,11,4.0,25.0,-47.0,-43.0,-22.0
122,0,0,6,D2,12,2.0,27.0,-29.0,-27.0,-2.0
123,0,0,7,D2,0,3.0,20.0,-50.0,-47.0,-30.0
124,0,0,7,D2,1,3.0,21.0,-30.0,-27.0,-9.0
125,0,0,7,D2,2,2.0,13.0,-12.0,-10.0,1.0
126,0,0,7,D2,3,3.0,21.0,22.0,25.0,43.0
127,0,0,7,D2,4,3.0,20.0,21.0,24.0,41.0
128,0,0,7,D2,5,3.0,19.0,17.0,20.0,36.0
129,0,0,7,D2,6,3.0,22.0,35.0,38.0,57.0
130,0,0,7,D2,7,2.0,18.0,48.0,50.0,66.0
131,0,0,7,D2,8,2.0,23.0,2.0,4.0,25.0
132,0,0,7,D2,9,2.0,20.0,23.0,25.0,43.0
133,0,0,7,D2,10,3.0,21.0,24.0,27.0,45.0
134,0,0,7,D2,11,3.0,23.0,-1.0,2.0,22.0
135,0,0,7,D2,12,3.0,21.0,-7.0,-4.0,14.0
136,0,0,7,D2,13,2.0,20.0,-26.0,-24.0,-6.0
137,0,0,7,D2,14,3.0,23.0,-27.0,-24.0,-4.0
138,0,0,7,D2,15,3.0,23.0,38.0,41.0,61.0
139,0,0,7,D2,16,3.0,23.0,4.0,7.0,27.0
140,0,0,7,D2,17,2.0,23.0,3.0,5.0,26.0
141,0,0,8,D1,0,3.0,22.0,8.0,11.0,30.0
142,0,0,8,D1,1,3.0,20.0,22.0,25.0,42.0
143,0,0,8,D1,2,3.0,20.0,14.0,17.0,34.0
144,0,0,8,D1,3,3.0,22.0,7.0,10.0,29.0
145,0,0,8,D1,4,3.0,20.0,1.0,4.0,21.0
146,0,0,8,D1,5,3.0,20.0,-4.0,-1.0,16.0
147,0,0,8,D1,6,4.0,19.0,59.0,63.0,78.0
148,0,0,8,D1,7,4.0,22.0,54.0,58.0,76.0
149,0,0,8,D1,8,3.0,22.0,39.0,42.0,61.0
150,0,0,8,D1,9,3.0,23.0,22.0,25.0,45.0
151,0,0,8,D1,10,3.0,24.0,15.0,18.0,39.0
152,0,0,8,D1,11,2.0,21.0,16.0,18.0,37.0
153,0,0,8,D1,12,3.0,22.0,51.0,54.0,73.0
154,0,0,8,D1,13,3.0,22.0,25.0,28.0,47.0
155,0,0,8,D1,14,3.0,21.0,11.0,14.0,32.0
156,0,0,8,D1,15,3.0,23.0,-13.0,-10.0,10.0
157,0,0,8,D1,16,3.0,21.0,-7.0,-4.0,14.0
158,0,0,8,D1,17,3.0,22.0,21.0,24.0,43.0
159,0,0,8,D1,18,3.0,21.0,15.0,18.0,36.0
160,0,0,8,D1,19,3.0,22.0,8.0,11.0,30.0
161,0,0,9,D1,0,3.0,22.0,12.0,15.0,34.0
162,0,0,9,D1,1,3.0,22.0,17.0,20.0,39.0
163,0,0,9,D1,2,3.0,23.0,-3.0,0.0,20.0
164,0,0,9,D1,3,3.0,22.0,7.0,10.0,29.0
165,0,0,9,D1,4,3.0,20.0,9.0,12.0,29.0
166,0,0,9,D1,5,3.0,22.0,3.0,6.0,25.0
167,0,0,9,D1,6,3.0,24.0,18.0,21.0,42.0
168,0,0,9,D1,7,5.0,14.0,-8.0,-3.0,6.0
169,0,0,9,D1,8,3.0,26.0,-19.0,-16.0,7.0
170,0,0,9,D1,9,2.0,26.0,21.0,23.0,47.0
171,0,0,9,D1,10,2.0,14.0,14.0,16.0,28.0
172,0,0,9,D1,11,3.0,25.0,10.0,13.0,35.0
173,0,0,9,D1,12,3.0,24.0,30.0,33.0,54.0
174,0,0,9,D1,13,3.0,15.0,73.0,76.0,88.0
175,0,0,9,D1,14,3.0,23.0,32.0,35.0,55.0
176,0,0,9,D1,15,2.0,23.0,32.0,34.0,55.0
177,0,0,9,D1,16,3.0,23.0,18.0,21.0,41.0
178,0,0,9,D1,17,3.0,25.0,34.0,37.0,59.0
179,0,0,9,D1,18,2.0,22.0,22.0,24.0,44.0
180,0,0,9,D1,19,3.0,23.0,28.0,31.0,51.0
181,0,0,10,D1,0,2.0,27.0,22.0,24.0,49.0
182,0,0,10,D1,1,2.0,26.0,22.0,24.0,48.0
183,0,0,10,D1,2,3.0,22.0,45.0,48.0,67.0
184,0,0,10,D1,3,3.0,23.0,-81.0,-78.0,-58.0
185,0,0,10,D1,4,3.0,23.0,-19.0,-16.0,4.0
186,0,0,10,D1,5,3.0,24.0,-9.0,-6.0,15.0
187,0,0,10,D1,6,3.0,20.0,11.0,14.0,31.0
188,0,0,10,D1,7,5.0,22.0,-49.0,-44.0,-27.0
189,0,0,10,D1,8,3.0,23.0,-50.0,-47.0,-27.0
190,0,0,10,D1,9,2.0,25.0,-65.0,-63.0,-40.0
191,0,0,10,D1,10,3.0,24.0,-33.0,-30.0,-9.0
192,0,0,10,D1,11,2.0,25.0,-3.0,-1.0,22.0
193,0,0,10,D1,12,3.0,24.0,6.0,9.0,30.0
194,0,0,10,D1,13,2.0,24.0,26.0,28.0,50.0
195,0,0,10,D1,14,2.0,17.0,43.0,45.0,60.0
196,0,0,10,D1,15,3.0,24.0,25.0,28.0,49.0
197,0,0,10,D1,16,2.0,23.0,57.0,59.0,80.0
198,0,0,11,D2,0,18.0,26.0,29.0,47.0,55.0
199,0,0,11,D2,1,2.0,22.0,3.0,5.0,25.0
200,0,0,11,D2,2,3.0,24.0,-4.0,-1.0,20.0
201,0,0,11,D2,3,3.0,27.0,-13.0,-10.0,14.0
202,0,0,11,D2,5,2.0,28.0,45.0,47.0,73.0
203,0,0,11,D2,6,3.0,24.0,23.0,26.0,47.0
204,0,0,11,D2,7,3.0,23.0,18.0,21.0,41.0
205,0,0,11,D2,8,3.0,22.0,-9.0,-6.0,13.0
206,0,0,11,D2,9,3.0,22.0,-41.0,-38.0,-19.0
207,0,0,11,D2,10,3.0,25.0,3.0,6.0,28.0
208,0,0,11,D2,11,2.0,26.0,-2.0,0.0,24.0
209,0,0,11,D2,12,2.0,23.0,18.0,20.0,41.0
210,0,0,11,D2,13,2.0,23.0,1.0,3.0,24.0
211,0,0,11,D2,14,3.0,22.0,-8.0,-5.0,14.0
212,0,0,11,D2,15,3.0,22.0,-4.0,-1.0,18.0
213,0,0,11,D2,16,3.0,23.0,-21.0,-18.0,2.0
214,0,0,11,D2,17,3.0,24.0,-25.0,-22.0,-1.0
215,0,0,12,D1,0,11.0,25.0,-16.0,-5.0,9.0
216,0,0,12,D1,1,2.0,24.0,21.0,23.0,45.0
217,0,0,12,D1,2,2.0,24.0,12.0,14.0,36.0
218,0,0,12,D1,3,3.0,22.0,-4.0,-1.0,18.0
219,0,0,12,D1,4,2.0,20.0,-5.0,-3.0,15.0
220,0,0,12,D1,5,2.0,21.0,3.0,5.0,24.0
221,0,0,12,D1,6,3.0,23.0,11.0,14.0,34.0
222,0,0,12,D1,7,3.0,22.0,20.0,23.0,42.0
223,0,0,12,D1,8,3.0,20.0,35.0,38.0,55.0
224,0,0,12,D1,9,3.0,20.0,30.0,33.0,50.0
225,0,0,12,D1,10,2.0,20.0,4.0,6.0,24.0
226,0,0,12,D1,11,3.0,19.0,-5.0,-2.0,14.0
227,0,0,12,D1,12,3.0,20.0,24.0,27.0,44.0
228,0,0,12,D1,13,2.0,22.0,24.0,26.0,46.0
229,0,0,12,D1,14,2.0,21.0,23.0,25.0,44.0
230,0,0,12,D1,15,3.0,23.0,46.0,49.0,69.0
231,0,0,12,D1,16,3.0,22.0,26.0,29.0,48.0
232,0,0,12,D1,17,2.0,21.0,-4.0,-2.0,17.0
233,0,0,12,D1,18,2.0,23.0,-3.0,-1.0,20.0
234,0,0,12,D1,19,3.0,22.0,20.0,23.0,42.0
235,0,1,0,M2,0,2.0,17.0,2.0,4.0,19.0
236,0,1,0,M2,1,2.0,15.0,59.0,61.0,74.0
237,0,1,0,M2,2,2.0,14.0,20.0,22.0,34.0
238,0,1,0,M2,3,2.0,16.0,9.0,11.0,25.0
239,0,1,0,M2,4,3.0,16.0,-28.0,-25.0,-12.0
240,0,1,0,M2,5,2.0,14.0,-14.0,-12.0,0.0
241,0,1,0,M2,6,2.0,15.0,-33.0,-31.0,-18.0
242,0,1,0,M2,7,2.0,15.0,-39.0,-37.0,-24.0
243,0,1,0,M2,8,3.0,15.0,-63.0,-60.0,-48.0
244,0,1,0,M2,9,2.0,15.0,-39.0,-37.0,-24.0
245,0,1,0,M2,10,2.0,14.0,-4.0,-2.0,10.0
246,0,1,0,M2,11,3.0,15.0,16.0,19.0,31.0
247,0,1,0,M2,12,2.0,13.0,-12.0,-10.0,1.0
248,0,1,0,M2,13,2.0,15.0,-32.0,-30.0,-17.0
249,0,1,0,M2,14,2.0,12.0,-21.0,-19.0,-9.0
250,0,1,0,M2,15,3.0,16.0,-11.0,-8.0,5.0
251,0,1,0,M2,16,3.0,17.0,-69.0,-66.0,-52.0
252,0,1,0,M2,17,3.0,15.0,-51.0,-48.0,-36.0
253,0,1,0,M2,18,2.0,14.0,-15.0,-13.0,-1.0
254,0,1,0,M2,19,2.0,15.0,-6.0,-4.0,9.0
255,0,1,1,M1,0,2.0,8.0,14.0,16.0,22.0
256,0,1,1,M1,1,2.0,15.0,34.0,36.0,49.0
257,0,1,1,M1,2,2.0,15.0,36.0,38.0,51.0
258,0,1,1,M1,3,2.0,14.0,32.0,34.0,46.0
259,0,1,1,M1,4,2.0,15.0,33.0,35.0,48.0
260,0,1,1,M1,5,2.0,13.0,14.0,16.0,27.0
261,0,1,1,M1,6,2.0,7.0,25.0,27.0,32.0
262,0,1,1,M1,7,2.0,14.0,16.0,18.0,30.0
263,0,1,1,M1,8,2.0,15.0,11.0,13.0,26.0
264,0,1,1,M1,9,2.0,14.0,9.0,11.0,23.0
265,0,1,1,M1,10,2.0,13.0,18.0,20.0,31.0
266,0,1,1,M1,11,2.0,13.0,20.0,22.0,33.0
267,0,1,1,M1,12,2.0,12.0,4.0,6.0,16.0
268,0,1,1,M1,13,3.0,14.0,5.0,8.0,19.0
269,0,1,1,M1,14,3.0,14.0,18.0,21.0,32.0
270,0,1,1,M1,15,3.0,15.0,25.0,28.0,40.0
271,0,1,1,M1,16,2.0,15.0,1.0,3.0,16.0
272,0,1,1,M1,17,2.0,15.0,12.0,14.0,27.0
273,0,1,1,M1,18,3.0,14.0,4.0,7.0,18.0
274,0,1,1,M1,19,3.0,16.0,-27.0,-24.0,-11.0
275,0,1,2,M1,0,2.0,14.0,16.0,18.0,30.0
276,0,1,2,M1,1,2.0,15.0,4.0,6.0,19.0
277,0,1,2,M1,2,2.0,15.0,5.0,7.0,20.0
278,0,1,2,M1,3,2.0,15.0,1.0,3.0,16.0
279,0,1,2,M1,4,3.0,14.0,30.0,33.0,44.0
280,0,1,2,M1,5,3.0,14.0,10.0,13.0,24.0
281,0,1,2,M1,6,3.0,15.0,-6.0,-3.0,9.0
282,0,1,2,M1,7,3.0,14.0,-3.0,0.0,11.0
283,0,1,2,M1,8,2.0,14.0,-12.0,-10.0,2.0
284,0,1,2,M1,9,2.0,15.0,-2.0,0.0,13.0
285,0,1,2,M1,10,2.0,13.0,13.0,15.0,26.0
286,0,1,2,M1,11,3.0,15.0,22.0,25.0,37.0
287,0,1,2,M1,12,2.0,15.0,7.0,9.0,22.0
288,0,1,2,M1,13,2.0,14.0,-1.0,1.0,13.0
289,0,1,2,M1,14,2.0,16.0,-5.0,-3.0,11.0
290,0,1,2,M1,15,2.0,17.0,-31.0,-29.0,-14.0
291,0,1,2,M1,16,2.0,16.0,-9.0,-7.0,7.0
292,0,1,2,M1,17,3.0,17.0,4.0,7.0,21.0
293,0,1,2,M1,18,2.0,16.0,-14.0,-12.0,2.0
294,0,1,3,M2,0,1.0,12.0,-2.0,-1.0,10.0
295,0,1,3,M2,1,3.0,15.0,-26.0,-23.0,-11.0
296,0,1,3,M2,2,4.0,13.0,-26.0,-22.0,-13.0
297,0,1,3,M2,3,3.0,16.0,-43.0,-40.0,-27.0
298,0,1,3,M2,4,2.0,15.0,-35.0,-33.0,-20.0
299,0,1,3,M2,5,3.0,15.0,-43.0,-40.0,-28.0
300,0,1,3,M2,6,3.0,15.0,-55.0,-52.0,-40.0
301,0,1,3,M2,7,2.0,13.0,-31.0,-29.0,-18.0
302,0,1,3,M2,8,3.0,15.0,-39.0,-36.0,-24.0
303,0,1,3,M2,9,3.0,13.0,-35.0,-32.0,-22.0
304,0,1,3,M2,10,3.0,14.0,-20.0,-17.0,-6.0
305,0,1,3,M2,11,3.0,14.0,-0.0,3.0,14.0
306,0,1,3,M2,12,2.0,14.0,21.0,23.0,35.0
307,0,1,3,M2,13,3.0,14.0,13.0,16.0,27.0
308,0,1,3,M2,14,3.0,15.0,-9.0,-6.0,6.0
309,0,1,3,M2,15,3.0,16.0,-52.0,-49.0,-36.0
310,0,1,3,M2,16,3.0,15.0,-26.0,-23.0,-11.0
311,0,1,3,M2,17,3.0,15.0,3.0,6.0,18.0
312,0,1,3,M2,18,3.0,14.0,16.0,19.0,30.0
313,0,1,4,M2,0,3.0,15.0,9.0,12.0,24.0
314,0,1,4,M2,1,3.0,14.0,9.0,12.0,23.0
315,0,1,4,M2,2,4.0,15.0,-10.0,-6.0,5.0
316,0,1,4,M2,3,3.0,15.0,-36.0,-33.0,-21.0
317,0,1,4,M2,4,3.0,17.0,-1.0,2.0,16.0
318,0,1,4,M2,5,3.0,15.0,48.0,51.0,63.0
319,0,1,4,M2,6,3.0,15.0,38.0,41.0,53.0
320,0,1,4,M2,7,3.0,13.0,24.0,27.0,37.0
321,0,1,4,M2,8,3.0,16.0,-5.0,-2.0,11.0
322,0,1,4,M2,9,2.0,15.0,8.0,10.0,23.0
323,0,1,4,M2,10,3.0,16.0,-13.0,-10.0,3.0
324,0,1,4,M2,11,3.0,17.0,-22.0,-19.0,-5.0
325,0,1,4,M2,12,3.0,17.0,-23.0,-20.0,-6.0
326,0,1,4,M2,14,2.0,15.0,-58.0,-56.0,-43.0
327,0,1,4,M2,15,3.0,16.0,-28.0,-25.0,-12.0
328,0,1,4,M2,16,2.0,15.0,-32.0,-30.0,-17.0
329,0,1,4,M2,17,3.0,14.0,-13.0,-10.0,1.0
330,0,1,5,M1,0,2.0,14.0,22.0,24.0,36.0
331,0,1,5,M1,1,3.0,15.0,15.0,18.0,30.0
332,0,1,5,M1,2,3.0,16.0,16.0,19.0,32.0
333,0,1,5,M1,3,2.0,14.0,23.0,25.0,37.0
334,0,1,5,M1,4,2.0,14.0,22.0,24.0,36.0
335,0,1,5,M1,5,3.0,16.0,18.0,21.0,34.0
336,0,1,5,M1,6,3.0,16.0,4.0,7.0,20.0
337,0,1,5,M1,7,3.0,15.0,-5.0,-2.0,10.0
338,0,1,5,M1,8,3.0,15.0,9.0,12.0,24.0
339,0,1,5,M1,9,2.0,15.0,25.0,27.0,40.0
340,0,1,5,M1,10,2.0,15.0,37.0,39.0,52.0
341,0,1,5,M1,11,2.0,14.0,14.0,16.0,28.0
342,0,1,5,M1,12,2.0,15.0,15.0,17.0,30.0
343,0,1,5,M1,13,2.0,14.0,-16.0,-14.0,-2.0
344,0,1,5,M1,14,2.0,15.0,-2.0,0.0,13.0
345,0,1,5,M1,15,3.0,15.0,-0.0,3.0,15.0
346,0,1,5,M1,16,2.0,15.0,-11.0,-9.0,4.0
347,0,1,5,M1,17,3.0,14.0,-20.0,-17.0,-6.0
348,0,1,5,M1,18,3.0,15.0,3.0,6.0,18.0
349,0,1,5,M1,19,2.0,15.0,9.0,11.0,24.0
350,0,1,6,M1,0,3.0,14.0,17.0,20.0,31.0
351,0,1,6,M1,1,3.0,15.0,-32.0,-29.0,-17.0
352,0,1,6,M1,2,2.0,12.0,-10.0,-8.0,2.0
353,0,1,6,M1,3,2.0,11.0,15.0,17.0,26.0
354,0,1,6,M1,4,3.0,15.0,11.0,14.0,26.0
355,0,1,6,M1,5,3.0,15.0,19.0,22.0,34.0
356,0,1,6,M1,6,2.0,15.0,-1.0,1.0,14.0
357,0,1,6,M1,7,2.0,15.0,-15.0,-13.0,0.0
358,0,1,6,M1,8,2.0,15.0,-23.0,-21.0,-8.0
359,0,1,6,M1,9,3.0,14.0,5.0,8.0,19.0
360,0,1,6,M1,10,3.0,15.0,19.0,22.0,34.0
361,0,1,6,M1,11,2.0,15.0,3.0,5.0,18.0
362,0,1,6,M1,12,2.0,13.0,17.0,19.0,30.0
363,0,1,6,M1,13,2.0,15.0,6.0,8.0,21.0
364,0,1,6,M1,14,3.0,14.0,31.0,34.0,45.0
365,0,1,6,M1,15,3.0,15.0,-7.0,-4.0,8.0
366,0,1,6,M1,16,3.0,15.0,3.0,6.0,18.0
367,0,1,6,M1,17,3.0,12.0,16.0,19.0,28.0
368,0,1,6,M1,18,3.0,14.0,-1.0,2.0,13.0
369,0,1,6,M1,19,3.0,15.0,-18.0,-15.0,-3.0
370,0,1,7,M1,0,2.0,17.0,10.0,12.0,27.0
371,0,1,7,M1,1,2.0,16.0,3.0,5.0,19.0
372,0,1,7,M1,2,3.0,16.0,-9.0,-6.0,7.0
373,0,1,7,M1,3,2.0,15.0,21.0,23.0,36.0
374,0,1,7,M1,4,3.0,17.0,20.0,23.0,37.0
375,0,1,7,M1,5,2.0,17.0,14.0,16.0,31.0
376,0,1,7,M1,6,2.0,17.0,-2.0,0.0,15.0
377,0,1,7,M1,7,3.0,16.0,5.0,8.0,21.0
378,0,1,7,M1,8,2.0,16.0,40.0,42.0,56.0
379,0,1,7,M1,9,2.0,15.0,14.0,16.0,29.0
380,0,1,7,M1,10,2.0,12.0,24.0,26.0,36.0
381,0,1,7,M1,11,2.0,15.0,26.0,28.0,41.0
382,0,1,7,M1,12,3.0,16.0,-0.0,3.0,16.0
383,0,1,7,M1,13,3.0,16.0,19.0,22.0,35.0
384,0,1,7,M1,14,3.0,17.0,-3.0,0.0,14.0
385,0,1,7,M1,15,3.0,14.0,-2.0,1.0,12.0
386,0,1,7,M1,16,3.0,17.0,33.0,36.0,50.0
387,0,1,7,M1,17,2.0,15.0,11.0,13.0,26.0
388,0,1,7,M1,18,3.0,15.0,4.0,7.0,19.0
389,0,1,7,M1,19,3.0,16.0,17.0,20.0,33.0
390,0,1,8,M2,0,3.0,15.0,-2.0,1.0,13.0
391,0,1,8,M2,1,3.0,17.0,10.0,13.0,27.0
392,0,1,8,M2,2,3.0,13.0,31.0,34.0,44.0
393,0,1,8,M2,3,3.0,17.0,21.0,24.0,38.0
394,0,1,8,M2,4,3.0,15.0,7.0,10.0,22.0
395,0,1,8,M2,5,3.0,15.0,-22.0,-19.0,-7.0
396,0,1,8,M2,6,3.0,14.0,9.0,12.0,23.0
397,0,1,8,M2,7,3.0,15.0,-0.0,3.0,15.0
398,0,1,8,M2,8,3.0,13.0,-15.0,-12.0,-2.0
399,0,1,8,M2,9,3.0,13.0,-25.0,-22.0,-12.0
400,0,1,8,M2,10,2.0,13.0,4.0,6.0,17.0
401,0,1,8,M2,11,3.0,16.0,4.0,7.0,20.0
402,0,1,8,M2,12,3.0,15.0,-27.0,-24.0,-12.0
403,0,1,8,M2,13,3.0,14.0,-12.0,-9.0,2.0
404,0,1,8,M2,14,2.0,14.0,-30.0,-28.0,-16.0
405,0,1,8,M2,15,3.0,15.0,-16.0,-13.0,-1.0
406,0,1,8,M2,16,2.0,14.0,15.0,17.0,29.0
407,0,1,8,M2,17,2.0,12.0,16.0,18.0,28.0
408,0,1,8,M2,18,3.0,13.0,-15.0,-12.0,-2.0
409,0,1,9,M1,0,2.0,15.0,20.0,22.0,35.0
410,0,1,9,M1,1,2.0,16.0,8.0,10.0,24.0
411,0,1,9,M1,2,3.0,15.0,-9.0,-6.0,6.0
412,0,1,9,M1,3,3.0,16.0,-9.0,-6.0,7.0
413,0,1,9,M1,4,3.0,20.0,-27.0,-24.0,-7.0
414,0,1,9,M1,5,4.0,13.0,-22.0,-18.0,-9.0
415,0,1,9,M1,6,3.0,13.0,-10.0,-7.0,3.0
416,0,1,9,M1,7,2.0,13.0,-6.0,-4.0,7.0
417,0,1,9,M1,8,3.0,14.0,-13.0,-10.0,1.0
418,0,1,9,M1,9,3.0,14.0,-26.0,-23.0,-12.0
419,0,1,9,M1,10,3.0,14.0,-42.0,-39.0,-28.0
420,0,1,9,M1,11,3.0,13.0,-33.0,-30.0,-20.0
421,0,1,9,M1,12,3.0,14.0,-22.0,-19.0,-8.0
422,0,1,9,M1,13,3.0,14.0,-15.0,-12.0,-1.0
423,0,1,9,M1,14,3.0,12.0,-9.0,-6.0,3.0
424,0,1,9,M1,15,3.0,10.0,7.0,10.0,17.0
425,0,1,9,M1,16,3.0,13.0,5.0,8.0,18.0
426,0,1,9,M1,17,3.0,14.0,18.0,21.0,32.0
427,0,1,9,M1,18,3.0,13.0,21.0,24.0,34.0
428,0,1,9,M1,19,3.0,13.0,15.0,18.0,28.0
429,0,1,10,M2,0,3.0,14.0,14.0,17.0,28.0
430,0,1,10,M2,1,3.0,15.0,-1.0,2.0,14.0
431,0,1,10,M2,2,3.0,15.0,-5.0,-2.0,10.0
432,0,1,10,M2,3,3.0,15.0,-25.0,-22.0,-10.0
433,0,1,10,M2,4,3.0,13.0,7.0,10.0,20.0
434,0,1,10,M2,5,3.0,15.0,-7.0,-4.0,8.0
435,0,1,10,M2,6,3.0,13.0,-32.0,-29.0,-19.0
436,0,1,10,M2,7,3.0,14.0,-26.0,-23.0,-12.0
437,0,1,10,M2,8,2.0,14.0,-54.0,-52.0,-40.0
438,0,1,10,M2,9,3.0,14.0,-25.0,-22.0,-11.0
439,0,1,10,M2,10,3.0,15.0,-55.0,-52.0,-40.0
440,0,1,10,M2,11,3.0,14.0,-20.0,-17.0,-6.0
441,0,1,10,M2,12,3.0,14.0,-31.0,-28.0,-17.0
442,0,1,10,M2,13,3.0,14.0,-31.0,-28.0,-17.0
443,0,1,10,M2,14,3.0,13.0,-66.0,-63.0,-53.0
444,0,1,10,M2,15,3.0,15.0,-49.0,-46.0,-34.0
445,0,1,10,M2,16,3.0,15.0,-58.0,-55.0,-43.0
446,0,1,10,M2,17,3.0,15.0,-8.0,-5.0,7.0
447,0,1,10,M2,18,3.0,13.0,11.0,14.0,24.0
448,0,1,10,M2,19,3.0,15.0,-11.0,-8.0,4.0
449,0,1,11,M2,0,3.0,15.0,15.0,18.0,30.0
450,0,1,11,M2,1,3.0,15.0,-7.0,-4.0,8.0
451,0,1,11,M2,2,3.0,16.0,-36.0,-33.0,-20.0
452,0,1,11,M2,3,2.0,13.0,-63.0,-61.0,-50.0
453,0,1,11,M2,4,3.0,13.0,-91.0,-88.0,-78.0
454,0,1,11,M2,5,3.0,13.0,-33.0,-30.0,-20.0
455,0,1,11,M2,6,3.0,15.0,-23.0,-20.0,-8.0
456,0,1,11,M2,7,3.0,15.0,-19.0,-16.0,-4.0
457,0,1,11,M2,8,3.0,15.0,-3.0,0.0,12.0
458,0,1,11,M2,9,2.0,15.0,-0.0,2.0,15.0
459,0,1,11,M2,10,3.0,15.0,-5.0,-2.0,10.0
460,0,1,11,M2,11,2.0,15.0,-9.0,-7.0,6.0
461,0,1,11,M2,12,3.0,15.0,-5.0,-2.0,10.0
462,0,1,11,M2,13,3.0,16.0,-33.0,-30.0,-17.0
463,0,1,11,M2,14,3.0,14.0,-10.0,-7.0,4.0
464,0,1,11,M2,15,4.0,14.0,-20.0,-16.0,-6.0
465,0,1,11,M2,16,3.0,14.0,-20.0,-17.0,-6.0
466,0,1,11,M2,17,3.0,13.0,-32.0,-29.0,-19.0
467,0,1,11,M2,18,3.0,14.0,-32.0,-29.0,-18.0
468,0,1,11,M2,19,3.0,15.0,-45.0,-42.0,-30.0
469,0,1,12,M2,1,3.0,15.0,8.0,11.0,23.0
470,0,1,12,M2,2,2.0,13.0,32.0,34.0,45.0
471,0,1,12,M2,3,3.0,14.0,2.0,5.0,16.0
472,0,1,12,M2,4,3.0,14.0,-54.0,-51.0,-40.0
473,0,1,12,M2,5,3.0,15.0,-16.0,-13.0,-1.0
474,0,1,12,M2,6,3.0,14.0,34.0,37.0,48.0
475,0,1,12,M2,7,2.0,16.0,20.0,22.0,36.0
476,0,1,12,M2,8,2.0,15.0,8.0,10.0,23.0
477,0,1,12,M2,9,3.0,16.0,9.0,12.0,25.0
478,0,1,12,M2,10,3.0,15.0,35.0,38.0,50.0
479,0,1,12,M2,11,2.0,15.0,13.0,15.0,28.0
480,0,1,12,M2,12,2.0,16.0,-3.0,-1.0,13.0
481,0,1,12,M2,13,3.0,17.0,-12.0,-9.0,5.0
482,0,1,12,M2,14,2.0,15.0,25.0,27.0,40.0
483,0,1,12,M2,15,2.0,15.0,19.0,21.0,34.0
484,0,1,12,M2,16,2.0,15.0,-16.0,-14.0,-1.0
485,0,1,12,M2,17,2.0,15.0,-12.0,-10.0,3.0
486,0,1,12,M2,18,3.0,14.0,-24.0,-21.0,-10.0
487,0,1,12,M2,19,3.0,14.0,-50.0,-47.0,-36.0
488,0,2,0,M1,0,3.0,16.0,19.0,22.0,35.0
489,0,2,0,M1,1,2.0,17.0,9.0,11.0,26.0
490,0,2,0,M1,4,2.0,16.0,-3.0,-1.0,13.0
491,0,2,0,M1,5,2.0,15.0,5.0,7.0,20.0
492,0,2,0,M1,6,3.0,15.0,-0.0,3.0,15.0
493,0,2,0,M1,7,3.0,14.0,5.0,8.0,19.0
494,0,2,0,M1,8,3.0,16.0,3.0,6.0,19.0
495,0,2,0,M1,9,3.0,13.0,9.0,12.0,22.0
496,0,2,0,M1,10,2.0,12.0,5.0,7.0,17.0
497,0,2,0,M1,11,3.0,14.0,-2.0,1.0,12.0
498,0,2,0,M1,12,3.0,13.0,10.0,13.0,23.0
499,0,2,0,M1,13,3.0,13.0,20.0,23.0,33.0
500,0,2,0,M1,14,3.0,13.0,12.0,15.0,25.0
501,0,2,0,M1,15,3.0,14.0,6.0,9.0,20.0
502,0,2,0,M1,16,3.0,13.0,21.0,24.0,34.0
503,0,2,0,M1,17,3.0,13.0,-1.0,2.0,12.0
504,0,2,0,M1,18,2.0,13.0,-10.0,-8.0,3.0
505,0,2,0,M1,19,3.0,13.0,-7.0,-4.0,6.0
506,0,2,1,M2,0,3.0,14.0,29.0,32.0,43.0
507,0,2,1,M2,2,4.0,16.0,-43.0,-39.0,-27.0
508,0,2,1,M2,3,3.0,14.0,-69.0,-66.0,-55.0
509,0,2,1,M2,4,3.0,13.0,-57.0,-54.0,-44.0
510,0,2,1,M2,5,3.0,16.0,-5.0,-2.0,11.0
511,0,2,1,M2,6,2.0,14.0,-12.0,-10.0,2.0
512,0,2,1,M2,7,2.0,17.0,-28.0,-26.0,-11.0
513,0,2,1,M2,8,2.0,15.0,-67.0,-65.0,-52.0
514,0,2,1,M2,9,3.0,14.0,9.0,12.0,23.0
515,0,2,1,M2,10,3.0,16.0,4.0,7.0,20.0
516,0,2,1,M2,11,3.0,18.0,-4.0,-1.0,14.0
517,0,2,1,M2,12,3.0,16.0,-18.0,-15.0,-2.0
518,0,2,1,M2,13,2.0,17.0,-11.0,-9.0,6.0
519,0,2,1,M2,14,3.0,17.0,-17.0,-14.0,0.0
520,0,2,1,M2,15,3.0,15.0,22.0,25.0,37.0
521,0,2,1,M2,16,3.0,17.0,-8.0,-5.0,9.0
522,0,2,1,M2,17,2.0,15.0,-56.0,-54.0,-41.0
523,0,2,1,M2,18,2.0,16.0,-9.0,-7.0,7.0
524,0,2,1,M2,19,3.0,15.0,-9.0,-6.0,6.0
525,0,2,2,M2,0,3.0,16.0,-18.0,-15.0,-2.0
526,0,2,2,M2,1,3.0,16.0,-66.0,-63.0,-50.0
527,0,2,2,M2,2,3.0,16.0,-11.0,-8.0,5.0
528,0,2,2,M2,3,2.0,14.0,-80.0,-78.0,-66.0
529,0,2,2,M2,4,3.0,15.0,15.0,18.0,30.0
530,0,2,2,M2,5,3.0,15.0,-29.0,-26.0,-14.0
531,0,2,2,M2,6,3.0,15.0,-57.0,-54.0,-42.0
532,0,2,2,M2,7,2.0,15.0,-68.0,-66.0,-53.0
533,0,2,2,M2,8,3.0,14.0,-56.0,-53.0,-42.0
534,0,2,2,M2,9,2.0,15.0,-27.0,-25.0,-12.0
535,0,2,2,M2,10,3.0,14.0,-53.0,-50.0,-39.0
536,0,2,2,M2,11,3.0,17.0,-29.0,-26.0,-12.0
537,0,2,2,M2,12,2.0,17.0,-96.0,-94.0,-79.0
538,0,2,2,M2,13,2.0,17.0,-57.0,-55.0,-40.0
539,0,2,2,M2,14,3.0,18.0,-91.0,-88.0,-73.0
540,0,2,2,M2,15,2.0,16.0,-74.0,-72.0,-58.0
541,0,2,2,M2,16,2.0,12.0,11.0,13.0,23.0
542,0,2,2,M2,18,2.0,17.0,-10.0,-8.0,7.0
543,0,2,3,M1,0,3.0,18.0,23.0,26.0,41.0
544,0,2,3,M1,1,3.0,16.0,4.0,7.0,20.0
545,0,2,3,M1,2,4.0,16.0,16.0,20.0,32.0
546,0,2,3,M1,3,4.0,16.0,16.0,20.0,32.0
547,0,2,3,M1,4,3.0,16.0,3.0,6.0,19.0
548,0,2,3,M1,5,3.0,16.0,-27.0,-24.0,-11.0
549,0,2,3,M1,6,3.0,15.0,1.0,4.0,16.0
550,0,2,3,M1,7,3.0,14.0,13.0,16.0,27.0
551,0,2,3,M1,8,4.0,14.0,18.0,22.0,32.0
552,0,2,3,M1,9,3.0,15.0,5.0,8.0,20.0
553,0,2,3,M1,10,3.0,15.0,16.0,19.0,31.0
554,0,2,3,M1,11,3.0,14.0,33.0,36.0,47.0
555,0,2,3,M1,12,3.0,14.0,3.0,6.0,17.0
556,0,2,3,M1,13,3.0,13.0,-1.0,2.0,12.0
557,0,2,3,M1,14,3.0,14.0,-8.0,-5.0,6.0
558,0,2,3,M1,15,3.0,14.0,2.0,5.0,16.0
559,0,2,3,M1,16,3.0,14.0,7.0,10.0,21.0
560,0,2,3,M1,17,3.0,12.0,-7.0,-4.0,5.0
561,0,2,3,M1,18,3.0,13.0,9.0,12.0,22.0
562,0,2,3,M1,19,3.0,13.0,-7.0,-4.0,6.0
563,0,2,4,M2,1,3.0,16.0,-34.0,-31.0,-18.0
564,0,2,4,M2,2,3.0,16.0,-12.0,-9.0,4.0
565,0,2,4,M2,3,3.0,15.0,-12.0,-9.0,3.0
566,0,2,4,M2,4,2.0,17.0,-19.0,-17.0,-2.0
567,0,2,4,M2,5,3.0,15.0,-40.0,-37.0,-25.0
568,0,2,4,M2,6,3.0,16.0,-19.0,-16.0,-3.0
569,0,2,4,M2,7,2.0,14.0,-6.0,-4.0,8.0
570,0,2,4,M2,8,3.0,14.0,2.0,5.0,16.0
571,0,2,4,M2,9,3.0,14.0,22.0,25.0,36.0
572,0,2,4,M2,10,3.0,14.0,-1.0,2.0,13.0
573,0,2,4,M2,11,3.0,14.0,-19.0,-16.0,-5.0
574,0,2,4,M2,12,3.0,13.0,-2.0,1.0,11.0
575,0,2,4,M2,13,3.0,14.0,-1.0,2.0,13.0
576,0,2,4,M2,14,3.0,15.0,-13.0,-10.0,2.0
577,0,2,4,M2,15,3.0,15.0,-15.0,-12.0,0.0
578,0,2,4,M2,16,3.0,15.0,59.0,62.0,74.0
579,0,2,4,M2,17,3.0,13.0,39.0,42.0,52.0
580,0,2,4,M2,18,3.0,14.0,11.0,14.0,25.0
581,0,2,5,M2,0,1.0,13.0,-2.0,-1.0,11.0
582,0,2,5,M2,1,3.0,15.0,3.0,6.0,18.0
583,0,2,5,M2,2,3.0,15.0,-19.0,-16.0,-4.0
584,0,2,5,M2,3,3.0,15.0,-6.0,-3.0,9.0
585,0,2,5,M2,4,3.0,14.0,-21.0,-18.0,-7.0
586,0,2,5,M2,5,3.0,13.0,-35.0,-32.0,-22.0
587,0,2,5,M2,6,3.0,14.0,-12.0,-9.0,2.0
588,0,2,5,M2,7,3.0,14.0,-43.0,-40.0,-29.0
589,0,2,5,M2,8,4.0,14.0,-24.0,-20.0,-10.0
590,0,2,5,M2,9,2.0,13.0,-32.0,-30.0,-19.0
591,0,2,5,M2,10,3.0,14.0,-4.0,-1.0,10.0
592,0,2,5,M2,11,3.0,14.0,-12.0,-9.0,2.0
593,0,2,5,M2,12,3.0,14.0,-9.0,-6.0,5.0
594,0,2,5,M2,13,3.0,14.0,-28.0,-25.0,-14.0
595,0,2,5,M2,14,3.0,15.0,-6.0,-3.0,9.0
596,0,2,5,M2,15,3.0,15.0,-26.0,-23.0,-11.0
597,0,2,5,M2,16,4.0,15.0,-21.0,-17.0,-6.0
598,0,2,5,M2,17,3.0,16.0,-21.0,-18.0,-5.0
599,0,2,5,M2,18,3.0,15.0,-11.0,-8.0,4.0
600,0,2,5,M2,19,2.0,13.0,-69.0,-67.0,-56.0
601,0,2,6,M2,0,2.0,16.0,-19.0,-17.0,-3.0
602,0,2,6,M2,1,2.0,14.0,-58.0,-56.0,-44.0
603,0,2,6,M2,2,3.0,14.0,-48.0,-45.0,-34.0
604,0,2,6,M2,3,3.0,15.0,-42.0,-39.0,-27.0
605,0,2,6,M2,4,2.0,16.0,-29.0,-27.0,-13.0
606,0,2,6,M2,5,3.0,16.0,-54.0,-51.0,-38.0
607,0,2,6,M2,6,3.0,15.0,-6.0,-3.0,9.0
608,0,2,6,M2,7,3.0,16.0,-25.0,-22.0,-9.0
609,0,2,6,M2,8,3.0,14.0,-8.0,-5.0,6.0
610,0,2,6,M2,9,3.0,15.0,-41.0,-38.0,-26.0
611,0,2,6,M2,10,3.0,13.0,-21.0,-18.0,-8.0
612,0,2,6,M2,11,3.0,13.0,-25.0,-22.0,-12.0
613,0,2,6,M2,12,3.0,15.0,-2.0,1.0,13.0
614,0,2,6,M2,13,3.0,14.0,18.0,21.0,32.0
615,0,2,6,M2,14,3.0,15.0,9.0,12.0,24.0
616,0,2,6,M2,15,2.0,15.0,-2.0,0.0,13.0
617,0,2,6,M2,16,3.0,12.0,19.0,22.0,31.0
618,0,2,6,M2,17,2.0,14.0,-2.0,0.0,12.0
619,0,2,6,M2,18,3.0,14.0,-48.0,-45.0,-34.0
620,0,2,7,M1,0,2.0,15.0,4.0,6.0,19.0
621,0,2,7,M1,1,2.0,15.0,4.0,6.0,19.0
622,0,2,7,M1,2,3.0,16.0,-9.0,-6.0,7.0
623,0,2,7,M1,3,3.0,17.0,-16.0,-13.0,1.0
624,0,2,7,M1,4,3.0,15.0,-4.0,-1.0,11.0
625,0,2,7,M1,5,3.0,14.0,-0.0,3.0,14.0
626,0,2,7,M1,6,3.0,14.0,-22.0,-19.0,-8.0
627,0,2,7,M1,7,2.0,13.0,-33.0,-31.0,-20.0
628,0,2,7,M1,8,2.0,13.0,-56.0,-54.0,-43.0
629,0,2,7,M1,9,2.0,14.0,-27.0,-25.0,-13.0
630,0,2,7,M1,10,2.0,13.0,-45.0,-43.0,-32.0
631,0,2,7,M1,11,3.0,13.0,-24.0,-21.0,-11.0
632,0,2,7,M1,12,3.0,13.0,-16.0,-13.0,-3.0
633,0,2,7,M1,13,4.0,13.0,-18.0,-14.0,-5.0
634,0,2,7,M1,14,2.0,13.0,-39.0,-37.0,-26.0
635,0,2,7,M1,15,3.0,13.0,-14.0,-11.0,-1.0
636,0,2,7,M1,16,4.0,13.0,-8.0,-4.0,5.0
637,0,2,7,M1,17,3.0,13.0,-6.0,-3.0,7.0
638,0,2,7,M1,18,3.0,12.0,-26.0,-23.0,-14.0
639,0,2,7,M1,19,3.0,13.0,-25.0,-22.0,-12.0
640,0,2,8,M1,0,1.0,13.0,-2.0,-1.0,11.0
641,0,2,8,M1,1,2.0,15.0,5.0,7.0,20.0
642,0,2,8,M1,2,3.0,16.0,-4.0,-1.0,12.0
643,0,2,8,M1,3,3.0,16.0,-11.0,-8.0,5.0
644,0,2,8,M1,4,3.0,13.0,-30.0,-27.0,-17.0
645,0,2,8,M1,5,3.0,13.0,-28.0,-25.0,-15.0
646,0,2,8,M1,6,3.0,13.0,-30.0,-27.0,-17.0
647,0,2,8,M1,7,3.0,13.0,-42.0,-39.0,-29.0
648,0,2,8,M1,8,3.0,13.0,-40.0,-37.0,-27.0
649,0,2,8,M1,9,2.0,12.0,-40.0,-38.0,-28.0
650,0,2,8,M1,10,2.0,12.0,-72.0,-70.0,-60.0
651,0,2,8,M1,11,3.0,13.0,-10.0,-7.0,3.0
652,0,2,8,M1,12,2.0,13.0,-3.0,-1.0,10.0
653,0,2,8,M1,13,2.0,12.0,25.0,27.0,37.0
654,0,2,8,M1,14,3.0,14.0,-11.0,-8.0,3.0
655,0,2,8,M1,15,2.0,14.0,-5.0,-3.0,9.0
656,0,2,8,M1,16,2.0,15.0,-1.0,1.0,14.0
657,0,2,8,M1,17,2.0,20.0,15.0,17.0,35.0
658,0,2,8,M1,18,3.0,14.0,12.0,15.0,26.0
659,0,2,8,M1,19,3.0,14.0,3.0,6.0,17.0
660,0,2,9,M1,0,3.0,16.0,8.0,11.0,24.0
661,0,2,9,M1,1,2.0,15.0,-0.0,2.0,15.0
662,0,2,9,M1,2,2.0,15.0,-5.0,-3.0,10.0
663,0,2,9,M1,3,3.0,16.0,12.0,15.0,28.0
664,0,2,9,M1,4,3.0,15.0,20.0,23.0,35.0
665,0,2,9,M1,5,3.0,15.0,28.0,31.0,43.0
666,0,2,9,M1,6,2.0,16.0,18.0,20.0,34.0
667,0,2,9,M1,7,3.0,15.0,31.0,34.0,46.0
668,0,2,9,M1,8,3.0,16.0,33.0,36.0,49.0
669,0,2,9,M1,9,2.0,15.0,36.0,38.0,51.0
670,0,2,9,M1,10,2.0,15.0,19.0,21.0,34.0
671,0,2,9,M1,11,2.0,16.0,43.0,45.0,59.0
672,0,2,9,M1,12,2.0,16.0,19.0,21.0,35.0
673,0,2,9,M1,13,3.0,17.0,8.0,11.0,25.0
674,0,2,9,M1,14,2.0,16.0,-8.0,-6.0,8.0
675,0,2,9,M1,15,3.0,17.0,14.0,17.0,31.0
676,0,2,9,M1,16,2.0,14.0,19.0,21.0,33.0
677,0,2,9,M1,17,3.0,17.0,21.0,24.0,38.0
678,0,2,9,M1,18,3.0,16.0,20.0,23.0,36.0
679,0,2,10,M1,0,3.0,15.0,-24.0,-21.0,-9.0
680,0,2,10,M1,1,2.0,16.0,-39.0,-37.0,-23.0
681,0,2,10,M1,2,3.0,16.0,-53.0,-50.0,-37.0
682,0,2,10,M1,3,3.0,15.0,-50.0,-47.0,-35.0
683,0,2,10,M1,4,2.0,14.0,-38.0,-36.0,-24.0
684,0,2,10,M1,5,2.0,16.0,-50.0,-48.0,-34.0
685,0,2,10,M1,6,2.0,15.0,-9.0,-7.0,6.0
686,0,2,10,M1,7,3.0,16.0,10.0,13.0,26.0
687,0,2,10,M1,8,3.0,17.0,15.0,18.0,32.0
688,0,2,10,M1,9,2.0,16.0,-10.0,-8.0,6.0
689,0,2,10,M1,10,3.0,14.0,-24.0,-21.0,-10.0
690,0,2,10,M1,11,3.0,16.0,-24.0,-21.0,-8.0
691,0,2,10,M1,12,3.0,15.0,-7.0,-4.0,8.0
692,0,2,10,M1,13,4.0,15.0,-20.0,-16.0,-5.0
693,0,2,10,M1,14,4.0,14.0,-22.0,-18.0,-8.0
694,0,2,10,M1,15,3.0,14.0,-14.0,-11.0,0.0
695,0,2,10,M1,16,5.0,18.0,-20.0,-15.0,-2.0
696,0,2,10,M1,17,3.0,16.0,-38.0,-35.0,-22.0
697,0,2,11,M2,1,3.0,18.0,-1.0,2.0,17.0
698,0,2,11,M2,2,2.0,15.0,19.0,21.0,34.0
699,0,2,11,M2,3,2.0,16.0,-20.0,-18.0,-4.0
700,0,2,11,M2,4,3.0,15.0,-9.0,-6.0,6.0
701,0,2,11,M2,5,3.0,16.0,-57.0,-54.0,-41.0
702,0,2,11,M2,6,3.0,15.0,-21.0,-18.0,-6.0
703,0,2,11,M2,7,3.0,16.0,-32.0,-29.0,-16.0
704,0,2,11,M2,8,3.0,17.0,-36.0,-33.0,-19.0
705,0,2,11,M2,9,2.0,17.0,-32.0,-30.0,-15.0
706,0,2,11,M2,10,2.0,15.0,-38.0,-36.0,-23.0
707,0,2,11,M2,12,3.0,15.0,-28.0,-25.0,-13.0
708,0,2,11,M2,13,3.0,15.0,-11.0,-8.0,4.0
709,0,2,11,M2,14,3.0,16.0,-7.0,-4.0,9.0
710,0,2,11,M2,15,3.0,16.0,-16.0,-13.0,0.0
711,0,2,11,M2,16,3.0,15.0,-50.0,-47.0,-35.0
712,0,2,11,M2,17,3.0,15.0,-30.0,-27.0,-15.0
713,0,2,11,M2,18,3.0,16.0,-30.0,-27.0,-14.0
714,0,2,11,M2,19,3.0,17.0,-63.0,-60.0,-46.0
715,0,2,12,M1,0,3.0,15.0,21.0,24.0,36.0
716,0,2,12,M1,1,3.0,13.0,10.0,13.0,23.0
717,0,2,12,M1,2,3.0,16.0,-3.0,0.0,13.0
718,0,2,12,M1,3,3.0,16.0,-12.0,-9.0,4.0
719,0,2,12,M1,4,3.0,16.0,-15.0,-12.0,1.0
720,0,2,12,M1,5,3.0,13.0,-5.0,-2.0,8.0
721,0,2,12,M1,6,3.0,15.0,-16.0,-13.0,-1.0
722,0,2,12,M1,7,3.0,16.0,-15.0,-12.0,1.0
723,0,2,12,M1,8,3.0,14.0,-32.0,-29.0,-18.0
724,0,2,12,M1,9,3.0,13.0,-42.0,-39.0,-29.0
725,0,2,12,M1,10,2.0,14.0,-48.0,-46.0,-34.0
726,0,2,12,M1,11,3.0,13.0,-33.0,-30.0,-20.0
727,0,2,12,M1,12,3.0,15.0,-22.0,-19.0,-7.0
728,0,2,12,M1,13,3.0,16.0,15.0,18.0,31.0
729,0,2,12,M1,14,3.0,15.0,49.0,52.0,64.0
730,0,2,12,M1,15,3.0,16.0,-5.0,-2.0,11.0
731,0,2,12,M1,16,3.0,14.0,-11.0,-8.0,3.0
732,0,2,12,M1,17,4.0,15.0,-12.0,-8.0,3.0
733,0,2,12,M1,18,2.0,15.0,-15.0,-13.0,0.0
734,0,2,12,M1,19,3.0,13.0,-14.0,-11.0,-1.0
735,0,3,0,D2,0,2.0,17.0,15.0,17.0,32.0
736,0,3,0,D2,1,3.0,19.0,44.0,47.0,63.0
737,0,3,0,D2,2,3.0,18.0,20.0,23.0,38.0
738,0,3,0,D2,3,2.0,19.0,-12.0,-10.0,7.0
739,0,3,0,D2,4,3.0,20.0,-44.0,-41.0,-24.0
740,0,3,0,D2,5,4.0,19.0,-14.0,-10.0,5.0
741,0,3,0,D2,6,3.0,18.0,-21.0,-18.0,-3.0
742,0,3,0,D2,7,3.0,18.0,28.0,31.0,46.0
743,0,3,0,D2,8,3.0,19.0,11.0,14.0,30.0
744,0,3,0,D2,9,3.0,19.0,8.0,11.0,27.0
745,0,3,0,D2,10,3.0,19.0,-31.0,-28.0,-12.0
746,0,3,0,D2,11,3.0,21.0,57.0,60.0,78.0
747,0,3,0,D2,16,2.0,19.0,18.0,20.0,37.0
748,0,3,0,D2,17,3.0,19.0,24.0,27.0,43.0
749,0,3,0,D2,18,3.0,20.0,-13.0,-10.0,7.0
750,0,3,0,D2,19,3.0,19.0,-7.0,-4.0,12.0
751,0,3,0,D2,20,3.0,18.0,-15.0,-12.0,3.0
752,0,3,0,D2,21,2.0,19.0,-3.0,-1.0,16.0
753,0,3,1,D2,3,3.0,20.0,30.0,33.0,50.0
754,0,3,1,D2,4,3.0,18.0,-28.0,-25.0,-10.0
755,0,3,1,D2,5,2.0,19.0,-44.0,-42.0,-25.0
756,0,3,1,D2,6,3.0,21.0,-19.0,-16.0,2.0
757,0,3,1,D2,7,2.0,19.0,-13.0,-11.0,6.0
758,0,3,1,D2,8,2.0,21.0,-27.0,-25.0,-6.0
759,0,3,1,D2,9,2.0,20.0,-46.0,-44.0,-26.0
760,0,3,1,D2,10,2.0,20.0,-24.0,-22.0,-4.0
761,0,3,1,D2,11,3.0,18.0,-12.0,-9.0,6.0
762,0,3,1,D2,12,2.0,21.0,-75.0,-73.0,-54.0
763,0,3,1,D2,13,2.0,19.0,39.0,41.0,58.0
764,0,3,1,D2,14,2.0,21.0,31.0,33.0,52.0
765,0,3,1,D2,15,3.0,21.0,18.0,21.0,39.0
766,0,3,1,D2,16,2.0,17.0,10.0,12.0,27.0
767,0,3,1,D2,17,3.0,20.0,31.0,34.0,51.0
768,0,3,1,D2,18,3.0,20.0,-8.0,-5.0,12.0
769,0,3,1,D2,19,2.0,20.0,-32.0,-30.0,-12.0
770,0,3,1,D2,20,2.0,20.0,-19.0,-17.0,1.0
771,0,3,2,D1,0,3.0,17.0,-0.0,3.0,17.0
772,0,3,2,D1,1,2.0,18.0,8.0,10.0,26.0
773,0,3,2,D1,2,3.0,19.0,19.0,22.0,38.0
774,0,3,2,D1,3,3.0,21.0,32.0,35.0,53.0
775,0,3,2,D1,4,2.0,20.0,51.0,53.0,71.0
776,0,3,2,D1,5,2.0,20.0,69.0,71.0,89.0
777,0,3,2,D1,6,2.0,20.0,19.0,21.0,39.0
778,0,3,2,D1,7,3.0,19.0,-15.0,-12.0,4.0
779,0,3,2,D1,8,2.0,17.0,-10.0,-8.0,7.0
780,0,3,2,D1,9,3.0,20.0,-25.0,-22.0,-5.0
781,0,3,2,D1,10,3.0,18.0,5.0,8.0,23.0
782,0,3,2,D1,11,3.0,19.0,26.0,29.0,45.0
783,0,3,2,D1,12,3.0,18.0,-7.0,-4.0,11.0
784,0,3,2,D1,13,3.0,18.0,-10.0,-7.0,8.0
785,0,3,2,D1,14,2.0,18.0,-17.0,-15.0,1.0
786,0,3,2,D1,15,3.0,18.0,-54.0,-51.0,-36.0
787,0,3,2,D1,16,3.0,20.0,-46.0,-43.0,-26.0
788,0,3,2,D1,17,2.0,20.0,-29.0,-27.0,-9.0
789,0,3,2,D1,18,3.0,19.0,5.0,8.0,24.0
790,0,3,2,D1,19,2.0,19.0,2.0,4.0,21.0
791,0,3,3,D1,0,3.0,22.0,16.0,19.0,38.0
792,0,3,3,D1,1,3.0,21.0,11.0,14.0,32.0
793,0,3,3,D1,2,3.0,20.0,1.0,4.0,21.0
794,0,3,3,D1,3,2.0,20.0,5.0,7.0,25.0
795,0,3,3,D1,4,2.0,19.0,7.0,9.0,26.0
796,0,3,3,D1,5,2.0,22.0,-3.0,-1.0,19.0
797,0,3,3,D1,6,2.0,22.0,5.0,7.0,27.0
798,0,3,3,D1,7,2.0,22.0,-6.0,-4.0,16.0
799,0,3,3,D1,8,3.0,22.0,-9.0,-6.0,13.0
800,0,3,3,D1,9,3.0,22.0,-23.0,-20.0,-1.0
801,0,3,3,D1,10,3.0,23.0,-24.0,-21.0,-1.0
802,0,3,3,D1,11,3.0,23.0,-7.0,-4.0,16.0
803,0,3,3,D1,12,2.0,21.0,4.0,6.0,25.0
804,0,3,3,D1,13,3.0,22.0,-8.0,-5.0,14.0
805,0,3,3,D1,14,3.0,23.0,7.0,10.0,30.0
806,0,3,3,D1,15,3.0,19.0,27.0,30.0,46.0
807,0,3,3,D1,16,3.0,19.0,6.0,9.0,25.0
808,0,3,3,D1,17,2.0,19.0,6.0,8.0,25.0
809,0,3,3,D1,18,4.0,21.0,-8.0,-4.0,13.0
810,0,3,3,D1,19,3.0,22.0,-3.0,0.0,19.0
811,0,3,4,D1,0,3.0,22.0,6.0,9.0,28.0
812,0,3,4,D1,1,3.0,21.0,-10.0,-7.0,11.0
813,0,3,4,D1,2,2.0,20.0,-6.0,-4.0,14.0
814,0,3,4,D1,3,3.0,21.0,33.0,36.0,54.0
815,0,3,4,D1,4,2.0,21.0,-5.0,-3.0,16.0
816,0,3,4,D1,5,2.0,21.0,-7.0,-5.0,14.0
817,0,3,4,D1,6,3.0,21.0,-9.0,-6.0,12.0
818,0,3,4,D1,7,2.0,22.0,-44.0,-42.0,-22.0
819,0,3,4,D1,8,2.0,21.0,-36.0,-34.0,-15.0
820,0,3,4,D1,9,2.0,22.0,-20.0,-18.0,2.0
821,0,3,4,D1,10,3.0,23.0,-21.0,-18.0,2.0
822,0,3,4,D1,11,3.0,19.0,-25.0,-22.0,-6.0
823,0,3,4,D1,12,2.0,19.0,-26.0,-24.0,-7.0
824,0,3,4,D1,13,3.0,21.0,-23.0,-20.0,-2.0
825,0,3,4,D1,14,3.0,21.0,-13.0,-10.0,8.0
826,0,3,4,D1,15,3.0,21.0,-2.0,1.0,19.0
827,0,3,4,D1,16,3.0,22.0,15.0,18.0,37.0
828,0,3,4,D1,17,3.0,19.0,-13.0,-10.0,6.0
829,0,3,4,D1,18,2.0,19.0,-38.0,-36.0,-19.0
830,0,3,4,D1,19,3.0,19.0,-25.0,-22.0,-6.0
831,0,3,5,D2,0,1.0,19.0,-2.0,-1.0,17.0
832,0,3,5,D2,1,2.0,20.0,-50.0,-48.0,-30.0
833,0,3,5,D2,2,2.0,20.0,-42.0,-40.0,-22.0
834,0,3,5,D2,3,3.0,20.0,-54.0,-51.0,-34.0
835,0,3,5,D2,4,2.0,19.0,-33.0,-31.0,-14.0
836,0,3,5,D2,5,3.0,22.0,-23.0,-20.0,-1.0
837,0,3,5,D2,6,2.0,21.0,27.0,29.0,48.0
838,0,3,5,D2,7,2.0,22.0,1.0,3.0,23.0
839,0,3,5,D2,8,2.0,22.0,-20.0,-18.0,2.0
840,0,3,5,D2,9,3.0,22.0,-74.0,-71.0,-52.0
841,0,3,5,D2,10,2.0,20.0,-15.0,-13.0,5.0
842,0,3,5,D2,11,2.0,22.0,-2.0,0.0,20.0
843,0,3,5,D2,12,2.0,21.0,-9.0,-7.0,12.0
844,0,3,5,D2,13,2.0,21.0,-2.0,0.0,19.0
845,0,3,5,D2,14,2.0,21.0,-9.0,-7.0,12.0
846,0,3,5,D2,15,3.0,21.0,9.0,12.0,30.0
847,0,3,5,D2,16,3.0,21.0,-39.0,-36.0,-18.0
848,0,3,5,D2,17,2.0,21.0,-28.0,-26.0,-7.0
849,0,3,5,D2,18,2.0,21.0,-9.0,-7.0,12.0
850,0,3,5,D2,19,2.0,21.0,-11.0,-9.0,10.0
851,0,3,6,D2,0,2.0,23.0,46.0,48.0,69.0
852,0,3,6,D2,2,2.0,22.0,-31.0,-29.0,-9.0
853,0,3,6,D2,3,2.0,22.0,-23.0,-21.0,-1.0
854,0,3,6,D2,4,3.0,23.0,31.0,34.0,54.0
855,0,3,6,D2,5,2.0,22.0,11.0,13.0,33.0
856,0,3,6,D2,6,2.0,22.0,-5.0,-3.0,17.0
857,0,3,6,D2,7,3.0,14.0,-8.0,-5.0,6.0
858,0,3,6,D2,8,2.0,24.0,-24.0,-22.0,0.0
859,0,3,6,D2,9,2.0,11.0,-44.0,-42.0,-33.0
860,0,3,6,D2,10,2.0,21.0,-10.0,-8.0,11.0
861,0,3,6,D2,11,2.0,21.0,-25.0,-23.0,-4.0
862,0,3,6,D2,12,3.0,21.0,28.0,31.0,49.0
863,0,3,6,D2,13,2.0,23.0,-36.0,-34.0,-13.0
864,0,3,6,D2,14,3.0,22.0,-18.0,-15.0,4.0
865,0,3,6,D2,15,2.0,14.0,-48.0,-46.0,-34.0
866,0,3,7,D2,0,19.0,25.0,13.0,32.0,38.0
867,0,3,7,D2,1,2.0,22.0,-21.0,-19.0,1.0
868,0,3,7,D2,2,2.0,22.0,-32.0,-30.0,-10.0
869,0,3,7,D2,3,2.0,20.0,8.0,10.0,28.0
870,0,3,7,D2,4,2.0,22.0,-9.0,-7.0,13.0
871,0,3,7,D2,5,2.0,24.0,-24.0,-22.0,0.0
872,0,3,7,D2,6,2.0,26.0,20.0,22.0,46.0
873,0,3,7,D2,7,3.0,14.0,-4.0,-1.0,10.0
874,0,3,7,D2,8,3.0,22.0,-37.0,-34.0,-15.0
875,0,3,7,D2,9,3.0,23.0,-7.0,-4.0,16.0
876,0,3,7,D2,10,2.0,23.0,-14.0,-12.0,9.0
877,0,3,7,D2,11,2.0,20.0,44.0,46.0,64.0
878,0,3,7,D2,12,2.0,23.0,10.0,12.0,33.0
879,0,3,7,D2,13,3.0,22.0,-13.0,-10.0,9.0
880,0,3,7,D2,14,3.0,21.0,-20.0,-17.0,1.0
881,0,3,7,D2,15,2.0,20.0,24.0,26.0,44.0
882,0,3,7,D2,16,3.0,21.0,-18.0,-15.0,3.0
883,0,3,7,D2,17,2.0,21.0,-4.0,-2.0,17.0
884,0,3,8,D1,0,3.0,20.0,15.0,18.0,35.0
885,0,3,8,D1,1,3.0,22.0,37.0,40.0,59.0
886,0,3,8,D1,2,4.0,22.0,16.0,20.0,38.0
887,0,3,8,D1,3,3.0,21.0,-0.0,3.0,21.0
888,0,3,8,D1,4,2.0,20.0,8.0,10.0,28.0
889,0,3,8,D1,5,2.0,20.0,17.0,19.0,37.0
890,0,3,8,D1,6,3.0,19.0,16.0,19.0,35.0
891,0,3,8,D1,7,3.0,20.0,15.0,18.0,35.0
892,0,3,8,D1,8,3.0,21.0,-6.0,-3.0,15.0
893,0,3,8,D1,9,2.0,19.0,7.0,9.0,26.0
894,0,3,8,D1,10,3.0,19.0,17.0,20.0,36.0
895,0,3,8,D1,11,3.0,19.0,13.0,16.0,32.0
896,0,3,8,D1,12,3.0,18.0,-13.0,-10.0,5.0
897,0,3,8,D1,13,3.0,20.0,-23.0,-20.0,-3.0
898,0,3,8,D1,14,3.0,22.0,-7.0,-4.0,15.0
899,0,3,8,D1,15,3.0,20.0,-23.0,-20.0,-3.0
900,0,3,8,D1,16,3.0,18.0,-9.0,-6.0,9.0
901,0,3,8,D1,17,3.0,20.0,11.0,14.0,31.0
902,0,3,8,D1,18,4.0,22.0,36.0,40.0,58.0
903,0,3,8,D1,19,3.0,21.0,43.0,46.0,64.0
904,0,3,9,D1,0,3.0,20.0,33.0,36.0,53.0
905,0,3,9,D1,1,3.0,21.0,6.0,9.0,27.0
906,0,3,9,D1,2,3.0,17.0,10.0,13.0,27.0
907,0,3,9,D1,3,3.0,19.0,18.0,21.0,37.0
908,0,3,9,D1,4,3.0,19.0,-5.0,-2.0,14.0
909,0,3,9,D1,5,2.0,20.0,-4.0,-2.0,16.0
910,0,3,9,D1,6,4.0,21.0,-27.0,-23.0,-6.0
911,0,3,9,D1,7,2.0,18.0,-7.0,-5.0,11.0
912,0,3,9,D1,8,3.0,20.0,-29.0,-26.0,-9.0
913,0,3,9,D1,9,3.0,20.0,-36.0,-33.0,-16.0
914,0,3,9,D1,10,4.0,22.0,-57.0,-53.0,-35.0
915,0,3,9,D1,11,2.0,18.0,-9.0,-7.0,9.0
916,0,3,9,D1,12,3.0,21.0,-20.0,-17.0,1.0
917,0,3,9,D1,13,2.0,17.0,-6.0,-4.0,11.0
918,0,3,9,D1,14,3.0,32.0,-40.0,-37.0,-8.0
919,0,3,9,D1,15,3.0,17.0,-30.0,-27.0,-13.0
920,0,3,9,D1,16,2.0,20.0,-26.0,-24.0,-6.0
921,0,3,9,D1,17,2.0,16.0,24.0,26.0,40.0
922,0,3,9,D1,18,3.0,19.0,28.0,31.0,47.0
923,0,3,10,D2,0,3.0,24.0,1.0,4.0,25.0
924,0,3,10,D2,1,2.0,22.0,-38.0,-36.0,-16.0
925,0,3,10,D2,2,2.0,20.0,-2.0,0.0,18.0
926,0,3,10,D2,3,2.0,22.0,19.0,21.0,41.0
927,0,3,10,D2,4,2.0,23.0,20.0,22.0,43.0
928,0,3,10,D2,5,3.0,22.0,-12.0,-9.0,10.0
929,0,3,10,D2,6,3.0,24.0,-34.0,-31.0,-10.0
930,0,3,10,D2,7,3.0,22.0,-27.0,-24.0,-5.0
931,0,3,10,D2,8,3.0,20.0,2.0,5.0,22.0
932,0,3,10,D2,9,3.0,22.0,35.0,38.0,57.0
933,0,3,10,D2,10,3.0,21.0,-8.0,-5.0,13.0
934,0,3,10,D2,11,3.0,20.0,-39.0,-36.0,-19.0
935,0,3,10,D2,12,2.0,25.0,-4.0,-2.0,21.0
936,0,3,10,D2,13,2.0,13.0,-14.0,-12.0,-1.0
937,0,3,10,D2,14,3.0,22.0,-41.0,-38.0,-19.0
938,0,3,10,D2,15,3.0,20.0,-32.0,-29.0,-12.0
939,0,3,10,D2,16,3.0,22.0,-55.0,-52.0,-33.0
940,0,3,10,D2,17,2.0,19.0,-23.0,-21.0,-4.0
941,0,3,10,D2,18,2.0,24.0,-44.0,-42.0,-20.0
942,0,3,10,D2,19,3.0,20.0,-39.0,-36.0,-19.0
943,0,3,11,D1,0,6.0,77.0,-25.0,-19.0,52.0
944,0,3,11,D1,1,3.0,20.0,-26.0,-23.0,-6.0
945,0,3,11,D1,2,3.0,21.0,-5.0,-2.0,16.0
946,0,3,11,D1,3,2.0,22.0,-2.0,0.0,20.0
947,0,3,11,D1,4,3.0,22.0,8.0,11.0,30.0
948,0,3,11,D1,5,3.0,22.0,18.0,21.0,40.0
949,0,3,11,D1,6,2.0,24.0,-14.0,-12.0,10.0
950,0,3,11,D1,7,3.0,22.0,-23.0,-20.0,-1.0
951,0,3,11,D1,8,2.0,21.0,-7.0,-5.0,14.0
952,0,3,11,D1,9,3.0,21.0,-28.0,-25.0,-7.0
953,0,3,11,D1,10,2.0,23.0,5.0,7.0,28.0
954,0,3,11,D1,11,2.0,22.0,9.0,11.0,31.0
955,0,3,11,D1,12,3.0,22.0,10.0,13.0,32.0
956,0,3,11,D1,13,3.0,20.0,32.0,35.0,52.0
957,0,3,11,D1,14,3.0,24.0,9.0,12.0,33.0
958,0,3,11,D1,15,3.0,21.0,-8.0,-5.0,13.0
959,0,3,11,D1,16,3.0,22.0,-29.0,-26.0,-7.0
960,0,3,11,D1,17,3.0,21.0,-11.0,-8.0,10.0
961,0,3,11,D1,18,3.0,20.0,-22.0,-19.0,-2.0
962,0,3,12,D2,0,3.0,21.0,-12.0,-9.0,9.0
963,0,3,12,D2,1,2.0,25.0,-27.0,-25.0,-2.0
964,0,3,12,D2,2,2.0,23.0,-24.0,-22.0,-1.0
965,0,3,12,D2,3,2.0,25.0,-21.0,-19.0,4.0
966,0,3,12,D2,4,2.0,23.0,-3.0,-1.0,20.0
967,0,3,12,D2,6,2.0,22.0,19.0,21.0,41.0
968,0,3,12,D2,7,2.0,21.0,-2.0,0.0,19.0
969,0,3,12,D2,8,2.0,21.0,-15.0,-13.0,6.0
970,0,3,12,D2,9,3.0,19.0,31.0,34.0,50.0
971,0,3,12,D2,10,3.0,21.0,49.0,52.0,70.0
972,0,3,12,D2,11,3.0,23.0,37.0,40.0,60.0
973,0,3,12,D2,12,2.0,21.0,-5.0,-3.0,16.0
974,0,3,12,D2,13,3.0,21.0,-32.0,-29.0,-11.0
975,0,3,12,D2,15,3.0,19.0,-19.0,-16.0,0.0
976,1,0,0,M2,0,3.0,23.0,-1.0,2.0,22.0
977,1,0,0,M2,1,4.0,21.0,-7.0,-3.0,14.0
978,1,0,0,M2,2,3.0,21.0,-22.0,-19.0,-1.0
979,1,0,0,M2,3,3.0,22.0,-18.0,-15.0,4.0
980,1,0,0,M2,4,2.0,26.0,-12.0,-10.0,14.0
981,1,0,0,M2,5,2.0,24.0,-7.0,-5.0,17.0
982,1,0,0,M2,6,3.0,24.0,10.0,13.0,34.0
983,1,0,0,M2,7,3.0,23.0,5.0,8.0,28.0
984,1,0,0,M2,8,3.0,22.0,4.0,7.0,26.0
985,1,0,0,M2,9,4.0,23.0,-0.0,4.0,23.0
986,1,0,0,M2,10,3.0,25.0,13.0,16.0,38.0
987,1,0,0,M2,11,2.0,25.0,27.0,29.0,52.0
988,1,0,0,M2,12,3.0,24.0,-0.0,3.0,24.0
989,1,0,0,M2,13,3.0,24.0,4.0,7.0,28.0
990,1,0,0,M2,14,3.0,27.0,-26.0,-23.0,1.0
991,1,0,0,M2,15,3.0,24.0,-19.0,-16.0,5.0
992,1,0,0,M2,16,3.0,24.0,-23.0,-20.0,1.0
993,1,0,0,M2,17,4.0,23.0,-43.0,-39.0,-20.0
994,1,0,0,M2,18,4.0,13.0,-57.0,-53.0,-44.0
995,1,0,1,M1,0,3.0,22.0,12.0,15.0,34.0
996,1,0,1,M1,1,3.0,22.0,25.0,28.0,47.0
997,1,0,1,M1,2,2.0,21.0,2.0,4.0,23.0
998,1,0,1,M1,3,3.0,23.0,3.0,6.0,26.0
999,1,0,1,M1,4,3.0,23.0,-0.0,3.0,23.0
1000,1,0,1,M1,5,3.0,25.0,-12.0,-9.0,13.0
1001,1,0,1,M1,6,3.0,27.0,-32.0,-29.0,-5.0
1002,1,0,1,M1,7,2.0,26.0,-24.0,-22.0,2.0
1003,1,0,1,M1,8,3.0,21.0,-30.0,-27.0,-9.0
1004,1,0,1,M1,9,3.0,22.0,6.0,9.0,28.0
1005,1,0,1,M1,10,3.0,24.0,32.0,35.0,56.0
1006,1,0,1,M1,11,3.0,12.0,8.0,11.0,20.0
1007,1,0,1,M1,12,3.0,22.0,-22.0,-19.0,0.0
1008,1,0,1,M1,13,3.0,21.0,-30.0,-27.0,-9.0
1009,1,0,1,M1,14,3.0,21.0,-25.0,-22.0,-4.0
1010,1,0,1,M1,15,3.0,15.0,-24.0,-21.0,-9.0
1011,1,0,1,M1,16,3.0,22.0,-35.0,-32.0,-13.0
1012,1,0,1,M1,17,3.0,24.0,-34.0,-31.0,-10.0
1013,1,0,1,M1,18,2.0,23.0,-2.0,0.0,21.0
1014,1,0,2,M2,0,9.0,75.0,-35.0,-26.0,40.0
1015,1,0,2,M2,1,2.0,27.0,-18.0,-16.0,9.0
1016,1,0,2,M2,2,3.0,27.0,-52.0,-49.0,-25.0
1017,1,0,2,M2,3,3.0,31.0,-40.0,-37.0,-9.0
1018,1,0,2,M2,4,12.0,23.0,-33.0,-21.0,-10.0
1019,1,0,2,M2,5,3.0,27.0,-54.0,-51.0,-27.0
1020,1,0,2,M2,6,2.0,25.0,-36.0,-34.0,-11.0
1021,1,0,2,M2,7,3.0,25.0,-14.0,-11.0,11.0
1022,1,0,2,M2,8,2.0,23.0,-50.0,-48.0,-27.0
1023,1,0,2,M2,9,3.0,24.0,-56.0,-53.0,-32.0
1024,1,0,2,M2,10,3.0,24.0,-55.0,-52.0,-31.0
1025,1,0,2,M2,11,3.0,23.0,-59.0,-56.0,-36.0
1026,1,0,2,M2,12,3.0,22.0,-59.0,-56.0,-37.0
1027,1,0,2,M2,13,3.0,23.0,-89.0,-86.0,-66.0
1028,1,0,2,M2,14,3.0,23.0,-71.0,-68.0,-48.0
1029,1,0,2,M2,15,3.0,23.0,-36.0,-33.0,-13.0
1030,1,0,2,M2,16,2.0,19.0,41.0,43.0,60.0
1031,1,0,2,M2,17,2.0,21.0,19.0,21.0,40.0
1032,1,0,2,M2,18,2.0,24.0,6.0,8.0,30.0
1033,1,0,3,M1,0,3.0,22.0,8.0,11.0,30.0
1034,1,0,3,M1,1,3.0,20.0,22.0,25.0,42.0
1035,1,0,3,M1,2,3.0,20.0,14.0,17.0,34.0
1036,1,0,3,M1,3,3.0,22.0,7.0,10.0,29.0
1037,1,0,3,M1,4,3.0,20.0,1.0,4.0,21.0
1038,1,0,3,M1,5,3.0,20.0,-4.0,-1.0,16.0
1039,1,0,3,M1,6,4.0,19.0,59.0,63.0,78.0
1040,1,0,3,M1,7,4.0,22.0,54.0,58.0,76.0
1041,1,0,3,M1,8,3.0,22.0,39.0,42.0,61.0
1042,1,0,3,M1,9,3.0,23.0,22.0,25.0,45.0
1043,1,0,3,M1,10,3.0,24.0,15.0,18.0,39.0
1044,1,0,3,M1,11,2.0,21.0,16.0,18.0,37.0
1045,1,0,3,M1,12,3.0,22.0,51.0,54.0,73.0
1046,1,0,3,M1,13,3.0,22.0,25.0,28.0,47.0
1047,1,0,3,M1,14,3.0,21.0,11.0,14.0,32.0
1048,1,0,3,M1,15,3.0,23.0,-13.0,-10.0,10.0
1049,1,0,3,M1,16,3.0,21.0,-7.0,-4.0,14.0
1050,1,0,3,M1,17,3.0,22.0,21.0,24.0,43.0
1051,1,0,3,M1,18,3.0,21.0,15.0,18.0,36.0
1052,1,0,3,M1,19,3.0,22.0,8.0,11.0,30.0
1053,1,0,4,M1,0,3.0,22.0,12.0,15.0,34.0
1054,1,0,4,M1,1,3.0,22.0,17.0,20.0,39.0
1055,1,0,4,M1,2,3.0,23.0,-3.0,0.0,20.0
1056,1,0,4,M1,3,3.0,22.0,7.0,10.0,29.0
1057,1,0,4,M1,4,3.0,20.0,9.0,12.0,29.0
1058,1,0,4,M1,5,3.0,22.0,3.0,6.0,25.0
1059,1,0,4,M1,6,3.0,24.0,18.0,21.0,42.0
1060,1,0,4,M1,7,5.0,14.0,-8.0,-3.0,6.0
1061,1,0,4,M1,8,3.0,26.0,-19.0,-16.0,7.0
1062,1,0,4,M1,9,2.0,26.0,21.0,23.0,47.0
1063,1,0,4,M1,10,2.0,14.0,14.0,16.0,28.0
1064,1,0,4,M1,11,3.0,25.0,10.0,13.0,35.0
1065,1,0,4,M1,12,3.0,24.0,30.0,33.0,54.0
1066,1,0,4,M1,13,3.0,15.0,73.0,76.0,88.0
1067,1,0,4,M1,14,3.0,23.0,32.0,35.0,55.0
1068,1,0,4,M1,15,2.0,23.0,32.0,34.0,55.0
1069,1,0,4,M1,16,3.0,23.0,18.0,21.0,41.0
1070,1,0,4,M1,17,3.0,25.0,34.0,37.0,59.0
1071,1,0,4,M1,18,2.0,22.0,22.0,24.0,44.0
1072,1,0,4,M1,19,3.0,23.0,28.0,31.0,51.0
1073,1,0,5,M1,0,2.0,27.0,22.0,24.0,49.0
1074,1,0,5,M1,1,2.0,26.0,22.0,24.0,48.0
1075,1,0,5,M1,2,3.0,22.0,45.0,48.0,67.0
1076,1,0,5,M1,3,3.0,23.0,-81.0,-78.0,-58.0
1077,1,0,5,M1,4,3.0,23.0,-19.0,-16.0,4.0
1078,1,0,5,M1,5,3.0,24.0,-9.0,-6.0,15.0
1079,1,0,5,M1,6,3.0,20.0,11.0,14.0,31.0
1080,1,0,5,M1,7,5.0,22.0,-49.0,-44.0,-27.0
1081,1,0,5,M1,8,3.0,23.0,-50.0,-47.0,-27.0
1082,1,0,5,M1,9,2.0,25.0,-65.0,-63.0,-40.0
1083,1,0,5,M1,10,3.0,24.0,-33.0,-30.0,-9.0
1084,1,0,5,M1,11,2.0,25.0,-3.0,-1.0,22.0
1085,1,0,5,M1,12,3.0,24.0,6.0,9.0,30.0
1086,1,0,5,M1,13,2.0,24.0,26.0,28.0,50.0
1087,1,0,5,M1,14,2.0,17.0,43.0,45.0,60.0
1088,1,0,5,M1,15,3.0,24.0,25.0,28.0,49.0
1089,1,0,5,M1,16,2.0,23.0,57.0,59.0,80.0
1090,1,0,6,M2,0,18.0,26.0,29.0,47.0,55.0
1091,1,0,6,M2,1,2.0,22.0,3.0,5.0,25.0
1092,1,0,6,M2,2,3.0,24.0,-4.0,-1.0,20.0
1093,1,0,6,M2,3,3.0,27.0,-13.0,-10.0,14.0
1094,1,0,6,M2,5,2.0,28.0,45.0,47.0,73.0
1095,1,0,6,M2,6,3.0,24.0,23.0,26.0,47.0
1096,1,0,6,M2,7,3.0,23.0,18.0,21.0,41.0
1097,1,0,6,M2,8,3.0,22.0,-9.0,-6.0,13.0
1098,1,0,6,M2,9,3.0,22.0,-41.0,-38.0,-19.0
1099,1,0,6,M2,10,3.0,25.0,3.0,6.0,28.0
1100,1,0,6,M2,11,2.0,26.0,-2.0,0.0,24.0
1101,1,0,6,M2,12,2.0,23.0,18.0,20.0,41.0
1102,1,0,6,M2,13,2.0,23.0,1.0,3.0,24.0
1103,1,0,6,M2,14,3.0,22.0,-8.0,-5.0,14.0
1104,1,0,6,M2,15,3.0,22.0,-4.0,-1.0,18.0
1105,1,0,6,M2,16,3.0,23.0,-21.0,-18.0,2.0
1106,1,0,6,M2,17,3.0,24.0,-25.0,-22.0,-1.0
1107,1,0,7,M2,0,11.0,25.0,-16.0,-5.0,9.0
1108,1,0,7,M2,1,2.0,24.0,21.0,23.0,45.0
1109,1,0,7,M2,2,2.0,24.0,12.0,14.0,36.0
1110,1,0,7,M2,3,3.0,22.0,-4.0,-1.0,18.0
1111,1,0,7,M2,4,2.0,20.0,-5.0,-3.0,15.0
1112,1,0,7,M2,5,2.0,21.0,3.0,5.0,24.0
1113,1,0,7,M2,6,3.0,23.0,11.0,14.0,34.0
1114,1,0,7,M2,7,3.0,22.0,20.0,23.0,42.0
1115,1,0,7,M2,8,3.0,20.0,35.0,38.0,55.0
1116,1,0,7,M2,9,3.0,20.0,30.0,33.0,50.0
1117,1,0,7,M2,10,2.0,20.0,4.0,6.0,24.0
1118,1,0,7,M2,11,3.0,19.0,-5.0,-2.0,14.0
1119,1,0,7,M2,12,3.0,20.0,24.0,27.0,44.0
1120,1,0,7,M2,13,2.0,22.0,24.0,26.0,46.0
1121,1,0,7,M2,14,2.0,21.0,23.0,25.0,44.0
1122,1,0,7,M2,15,3.0,23.0,46.0,49.0,69.0
1123,1,0,7,M2,16,3.0,22.0,26.0,29.0,48.0
1124,1,0,7,M2,17,2.0,21.0,-4.0,-2.0,17.0
1125,1,0,7,M2,18,2.0,23.0,-3.0,-1.0,20.0
1126,1,0,7,M2,19,3.0,22.0,20.0,23.0,42.0
1127,1,0,8,M2,0,3.0,22.0,8.0,11.0,30.0
1128,1,0,8,M2,1,3.0,20.0,22.0,25.0,42.0
1129,1,0,8,M2,2,3.0,20.0,14.0,17.0,34.0
1130,1,0,8,M2,3,3.0,22.0,7.0,10.0,29.0
1131,1,0,8,M2,4,3.0,20.0,1.0,4.0,21.0
1132,1,0,8,M2,5,3.0,20.0,-4.0,-1.0,16.0
1133,1,0,8,M2,6,4.0,19.0,59.0,63.0,78.0
1134,1,0,8,M2,7,4.0,22.0,54.0,58.0,76.0
1135,1,0,8,M2,8,3.0,22.0,39.0,42.0,61.0
1136,1,0,8,M2,9,3.0,23.0,22.0,25.0,45.0
1137,1,0,8,M2,10,3.0,24.0,15.0,18.0,39.0
1138,1,0,8,M2,11,2.0,21.0,16.0,18.0,37.0
1139,1,0,8,M2,12,3.0,22.0,51.0,54.0,73.0
1140,1,0,8,M2,13,3.0,22.0,25.0,28.0,47.0
1141,1,0,8,M2,14,3.0,21.0,11.0,14.0,32.0
1142,1,0,8,M2,15,3.0,23.0,-13.0,-10.0,10.0
1143,1,0,8,M2,16,3.0,21.0,-7.0,-4.0,14.0
1144,1,0,8,M2,17,3.0,22.0,21.0,24.0,43.0
1145,1,0,8,M2,18,3.0,21.0,15.0,18.0,36.0
1146,1,0,8,M2,19,3.0,22.0,8.0,11.0,30.0
1147,1,0,9,M1,0,3.0,22.0,12.0,15.0,34.0
1148,1,0,9,M1,1,3.0,22.0,17.0,20.0,39.0
1149,1,0,9,M1,2,3.0,23.0,-3.0,0.0,20.0
1150,1,0,9,M1,3,3.0,22.0,7.0,10.0,29.0
1151,1,0,9,M1,4,3.0,20.0,9.0,12.0,29.0
1152,1,0,9,M1,5,3.0,22.0,3.0,6.0,25.0
1153,1,0,9,M1,6,3.0,24.0,18.0,21.0,42.0
1154,1,0,9,M1,7,5.0,14.0,-8.0,-3.0,6.0
1155,1,0,9,M1,8,3.0,26.0,-19.0,-16.0,7.0
1156,1,0,9,M1,9,2.0,26.0,21.0,23.0,47.0
1157,1,0,9,M1,10,2.0,14.0,14.0,16.0,28.0
1158,1,0,9,M1,11,3.0,25.0,10.0,13.0,35.0
1159,1,0,9,M1,12,3.0,24.0,30.0,33.0,54.0
1160,1,0,9,M1,13,3.0,15.0,73.0,76.0,88.0
1161,1,0,9,M1,14,3.0,23.0,32.0,35.0,55.0
1162,1,0,9,M1,15,2.0,23.0,32.0,34.0,55.0
1163,1,0,9,M1,16,3.0,23.0,18.0,21.0,41.0
1164,1,0,9,M1,17,3.0,25.0,34.0,37.0,59.0
1165,1,0,9,M1,18,2.0,22.0,22.0,24.0,44.0
1166,1,0,9,M1,19,3.0,23.0,28.0,31.0,51.0
1167,1,0,10,M1,0,2.0,27.0,22.0,24.0,49.0
1168,1,0,10,M1,1,2.0,26.0,22.0,24.0,48.0
1169,1,0,10,M1,2,3.0,22.0,45.0,48.0,67.0
1170,1,0,10,M1,3,3.0,23.0,-81.0,-78.0,-58.0
1171,1,0,10,M1,4,3.0,23.0,-19.0,-16.0,4.0
1172,1,0,10,M1,5,3.0,24.0,-9.0,-6.0,15.0
1173,1,0,10,M1,6,3.0,20.0,11.0,14.0,31.0
1174,1,0,10,M1,7,5.0,22.0,-49.0,-44.0,-27.0
1175,1,0,10,M1,8,3.0,23.0,-50.0,-47.0,-27.0
1176,1,0,10,M1,9,2.0,25.0,-65.0,-63.0,-40.0
1177,1,0,10,M1,10,3.0,24.0,-33.0,-30.0,-9.0
1178,1,0,10,M1,11,2.0,25.0,-3.0,-1.0,22.0
1179,1,0,10,M1,12,3.0,24.0,6.0,9.0,30.0
1180,1,0,10,M1,13,2.0,24.0,26.0,28.0,50.0
1181,1,0,10,M1,14,2.0,17.0,43.0,45.0,60.0
1182,1,0,10,M1,15,3.0,24.0,25.0,28.0,49.0
1183,1,0,10,M1,16,2.0,23.0,57.0,59.0,80.0
1184,1,0,11,M2,0,18.0,26.0,29.0,47.0,55.0
1185,1,0,11,M2,1,2.0,22.0,3.0,5.0,25.0
1186,1,0,11,M2,2,3.0,24.0,-4.0,-1.0,20.0
1187,1,0,11,M2,3,3.0,27.0,-13.0,-10.0,14.0
1188,1,0,11,M2,5,2.0,28.0,45.0,47.0,73.0
1189,1,0,11,M2,6,3.0,24.0,23.0,26.0,47.0
1190,1,0,11,M2,7,3.0,23.0,18.0,21.0,41.0
1191,1,0,11,M2,8,3.0,22.0,-9.0,-6.0,13.0
1192,1,0,11,M2,9,3.0,22.0,-41.0,-38.0,-19.0
1193,1,0,11,M2,10,3.0,25.0,3.0,6.0,28.0
1194,1,0,11,M2,11,2.0,26.0,-2.0,0.0,24.0
1195,1,0,11,M2,12,2.0,23.0,18.0,20.0,41.0
1196,1,0,11,M2,13,2.0,23.0,1.0,3.0,24.0
1197,1,0,11,M2,14,3.0,22.0,-8.0,-5.0,14.0
1198,1,0,11,M2,15,3.0,22.0,-4.0,-1.0,18.0
1199,1,0,11,M2,16,3.0,23.0,-21.0,-18.0,2.0
1200,1,0,11,M2,17,3.0,24.0,-25.0,-22.0,-1.0
1201,1,0,12,M2,0,11.0,25.0,-16.0,-5.0,9.0
1202,1,0,12,M2,1,2.0,24.0,21.0,23.0,45.0
1203,1,0,12,M2,2,2.0,24.0,12.0,14.0,36.0
1204,1,0,12,M2,3,3.0,22.0,-4.0,-1.0,18.0
1205,1,0,12,M2,4,2.0,20.0,-5.0,-3.0,15.0
1206,1,0,12,M2,5,2.0,21.0,3.0,5.0,24.0
1207,1,0,12,M2,6,3.0,23.0,11.0,14.0,34.0
1208,1,0,12,M2,7,3.0,22.0,20.0,23.0,42.0
1209,1,0,12,M2,8,3.0,20.0,35.0,38.0,55.0
1210,1,0,12,M2,9,3.0,20.0,30.0,33.0,50.0
1211,1,0,12,M2,10,2.0,20.0,4.0,6.0,24.0
1212,1,0,12,M2,11,3.0,19.0,-5.0,-2.0,14.0
1213,1,0,12,M2,12,3.0,20.0,24.0,27.0,44.0
1214,1,0,12,M2,13,2.0,22.0,24.0,26.0,46.0
1215,1,0,12,M2,14,2.0,21.0,23.0,25.0,44.0
1216,1,0,12,M2,15,3.0,23.0,46.0,49.0,69.0
1217,1,0,12,M2,16,3.0,22.0,26.0,29.0,48.0
1218,1,0,12,M2,17,2.0,21.0,-4.0,-2.0,17.0
1219,1,0,12,M2,18,2.0,23.0,-3.0,-1.0,20.0
1220,1,0,12,M2,19,3.0,22.0,20.0,23.0,42.0
1221,1,1,0,D1,0,2.0,17.0,2.0,4.0,19.0
1222,1,1,0,D1,1,2.0,15.0,59.0,61.0,74.0
1223,1,1,0,D1,2,2.0,14.0,20.0,22.0,34.0
1224,1,1,0,D1,3,2.0,16.0,9.0,11.0,25.0
1225,1,1,0,D1,4,3.0,16.0,-28.0,-25.0,-12.0
1226,1,1,0,D1,5,2.0,14.0,-14.0,-12.0,0.0
1227,1,1,0,D1,6,2.0,15.0,-33.0,-31.0,-18.0
1228,1,1,0,D1,7,2.0,15.0,-39.0,-37.0,-24.0
1229,1,1,0,D1,8,3.0,15.0,-63.0,-60.0,-48.0
1230,1,1,0,D1,9,2.0,15.0,-39.0,-37.0,-24.0
1231,1,1,0,D1,10,2.0,14.0,-4.0,-2.0,10.0
1232,1,1,0,D1,11,3.0,15.0,16.0,19.0,31.0
1233,1,1,0,D1,12,2.0,13.0,-12.0,-10.0,1.0
1234,1,1,0,D1,13,2.0,15.0,-32.0,-30.0,-17.0
1235,1,1,0,D1,14,2.0,12.0,-21.0,-19.0,-9.0
1236,1,1,0,D1,15,3.0,16.0,-11.0,-8.0,5.0
1237,1,1,0,D1,16,3.0,17.0,-69.0,-66.0,-52.0
1238,1,1,0,D1,17,3.0,15.0,-51.0,-48.0,-36.0
1239,1,1,0,D1,18,2.0,14.0,-15.0,-13.0,-1.0
1240,1,1,0,D1,19,2.0,15.0,-6.0,-4.0,9.0
1241,1,1,1,D1,0,2.0,8.0,14.0,16.0,22.0
1242,1,1,1,D1,1,2.0,15.0,34.0,36.0,49.0
1243,1,1,1,D1,2,2.0,15.0,36.0,38.0,51.0
1244,1,1,1,D1,3,2.0,14.0,32.0,34.0,46.0
1245,1,1,1,D1,4,2.0,15.0,33.0,35.0,48.0
1246,1,1,1,D1,5,2.0,13.0,14.0,16.0,27.0
1247,1,1,1,D1,6,2.0,7.0,25.0,27.0,32.0
1248,1,1,1,D1,7,2.0,14.0,16.0,18.0,30.0
1249,1,1,1,D1,8,2.0,15.0,11.0,13.0,26.0
1250,1,1,1,D1,9,2.0,14.0,9.0,11.0,23.0
1251,1,1,1,D1,10,2.0,13.0,18.0,20.0,31.0
1252,1,1,1,D1,11,2.0,13.0,20.0,22.0,33.0
1253,1,1,1,D1,12,2.0,12.0,4.0,6.0,16.0
1254,1,1,1,D1,13,3.0,14.0,5.0,8.0,19.0
1255,1,1,1,D1,14,3.0,14.0,18.0,21.0,32.0
1256,1,1,1,D1,15,3.0,15.0,25.0,28.0,40.0
1257,1,1,1,D1,16,2.0,15.0,1.0,3.0,16.0
1258,1,1,1,D1,17,2.0,15.0,12.0,14.0,27.0
1259,1,1,1,D1,18,3.0,14.0,4.0,7.0,18.0
1260,1,1,1,D1,19,3.0,16.0,-27.0,-24.0,-11.0
1261,1,1,2,D2,0,2.0,14.0,16.0,18.0,30.0
1262,1,1,2,D2,1,2.0,15.0,4.0,6.0,19.0
1263,1,1,2,D2,2,2.0,15.0,5.0,7.0,20.0
1264,1,1,2,D2,3,2.0,15.0,1.0,3.0,16.0
1265,1,1,2,D2,4,3.0,14.0,30.0,33.0,44.0
1266,1,1,2,D2,5,3.0,14.0,10.0,13.0,24.0
1267,1,1,2,D2,6,3.0,15.0,-6.0,-3.0,9.0
1268,1,1,2,D2,7,3.0,14.0,-3.0,0.0,11.0
1269,1,1,2,D2,8,2.0,14.0,-12.0,-10.0,2.0
1270,1,1,2,D2,9,2.0,15.0,-2.0,0.0,13.0
1271,1,1,2,D2,10,2.0,13.0,13.0,15.0,26.0
1272,1,1,2,D2,11,3.0,15.0,22.0,25.0,37.0
1273,1,1,2,D2,12,2.0,15.0,7.0,9.0,22.0
1274,1,1,2,D2,13,2.0,14.0,-1.0,1.0,13.0
1275,1,1,2,D2,14,2.0,16.0,-5.0,-3.0,11.0
1276,1,1,2,D2,15,2.0,17.0,-31.0,-29.0,-14.0
1277,1,1,2,D2,16,2.0,16.0,-9.0,-7.0,7.0
1278,1,1,2,D2,17,3.0,17.0,4.0,7.0,21.0
1279,1,1,2,D2,18,2.0,16.0,-14.0,-12.0,2.0
1280,1,1,3,D1,0,1.0,12.0,-2.0,-1.0,10.0
1281,1,1,3,D1,1,3.0,15.0,-26.0,-23.0,-11.0
1282,1,1,3,D1,2,4.0,13.0,-26.0,-22.0,-13.0
1283,1,1,3,D1,3,3.0,16.0,-43.0,-40.0,-27.0
1284,1,1,3,D1,4,2.0,15.0,-35.0,-33.0,-20.0
1285,1,1,3,D1,5,3.0,15.0,-43.0,-40.0,-28.0
1286,1,1,3,D1,6,3.0,15.0,-55.0,-52.0,-40.0
1287,1,1,3,D1,7,2.0,13.0,-31.0,-29.0,-18.0
1288,1,1,3,D1,8,3.0,15.0,-39.0,-36.0,-24.0
1289,1,1,3,D1,9,3.0,13.0,-35.0,-32.0,-22.0
1290,1,1,3,D1,10,3.0,14.0,-20.0,-17.0,-6.0
1291,1,1,3,D1,11,3.0,14.0,-0.0,3.0,14.0
1292,1,1,3,D1,12,2.0,14.0,21.0,23.0,35.0
1293,1,1,3,D1,13,3.0,14.0,13.0,16.0,27.0
1294,1,1,3,D1,14,3.0,15.0,-9.0,-6.0,6.0
1295,1,1,3,D1,15,3.0,16.0,-52.0,-49.0,-36.0
1296,1,1,3,D1,16,3.0,15.0,-26.0,-23.0,-11.0
1297,1,1,3,D1,17,3.0,15.0,3.0,6.0,18.0
1298,1,1,3,D1,18,3.0,14.0,16.0,19.0,30.0
1299,1,1,4,D2,0,3.0,15.0,9.0,12.0,24.0
1300,1,1,4,D2,1,3.0,14.0,9.0,12.0,23.0
1301,1,1,4,D2,2,4.0,15.0,-10.0,-6.0,5.0
1302,1,1,4,D2,3,3.0,15.0,-36.0,-33.0,-21.0
1303,1,1,4,D2,4,3.0,17.0,-1.0,2.0,16.0
1304,1,1,4,D2,5,3.0,15.0,48.0,51.0,63.0
1305,1,1,4,D2,6,3.0,15.0,38.0,41.0,53.0
1306,1,1,4,D2,7,3.0,13.0,24.0,27.0,37.0
1307,1,1,4,D2,8,3.0,16.0,-5.0,-2.0,11.0
1308,1,1,4,D2,9,2.0,15.0,8.0,10.0,23.0
1309,1,1,4,D2,10,3.0,16.0,-13.0,-10.0,3.0
1310,1,1,4,D2,11,3.0,17.0,-22.0,-19.0,-5.0
1311,1,1,4,D2,12,3.0,17.0,-23.0,-20.0,-6.0
1312,1,1,4,D2,14,2.0,15.0,-58.0,-56.0,-43.0
1313,1,1,4,D2,15,3.0,16.0,-28.0,-25.0,-12.0
1314,1,1,4,D2,16,2.0,15.0,-32.0,-30.0,-17.0
1315,1,1,4,D2,17,3.0,14.0,-13.0,-10.0,1.0
1316,1,1,5,D1,0,2.0,14.0,22.0,24.0,36.0
1317,1,1,5,D1,1,3.0,15.0,15.0,18.0,30.0
1318,1,1,5,D1,2,3.0,16.0,16.0,19.0,32.0
1319,1,1,5,D1,3,2.0,14.0,23.0,25.0,37.0
1320,1,1,5,D1,4,2.0,14.0,22.0,24.0,36.0
1321,1,1,5,D1,5,3.0,16.0,18.0,21.0,34.0
1322,1,1,5,D1,6,3.0,16.0,4.0,7.0,20.0
1323,1,1,5,D1,7,3.0,15.0,-5.0,-2.0,10.0
1324,1,1,5,D1,8,3.0,15.0,9.0,12.0,24.0
1325,1,1,5,D1,9,2.0,15.0,25.0,27.0,40.0
1326,1,1,5,D1,10,2.0,15.0,37.0,39.0,52.0
1327,1,1,5,D1,11,2.0,14.0,14.0,16.0,28.0
1328,1,1,5,D1,12,2.0,15.0,15.0,17.0,30.0
1329,1,1,5,D1,13,2.0,14.0,-16.0,-14.0,-2.0
1330,1,1,5,D1,14,2.0,15.0,-2.0,0.0,13.0
1331,1,1,5,D1,15,3.0,15.0,-0.0,3.0,15.0
1332,1,1,5,D1,16,2.0,15.0,-11.0,-9.0,4.0
1333,1,1,5,D1,17,3.0,14.0,-20.0,-17.0,-6.0
1334,1,1,5,D1,18,3.0,15.0,3.0,6.0,18.0
1335,1,1,5,D1,19,2.0,15.0,9.0,11.0,24.0
1336,1,1,6,D1,0,3.0,14.0,17.0,20.0,31.0
1337,1,1,6,D1,1,3.0,15.0,-32.0,-29.0,-17.0
1338,1,1,6,D1,2,2.0,12.0,-10.0,-8.0,2.0
1339,1,1,6,D1,3,2.0,11.0,15.0,17.0,26.0
1340,1,1,6,D1,4,3.0,15.0,11.0,14.0,26.0
1341,1,1,6,D1,5,3.0,15.0,19.0,22.0,34.0
1342,1,1,6,D1,6,2.0,15.0,-1.0,1.0,14.0
1343,1,1,6,D1,7,2.0,15.0,-15.0,-13.0,0.0
1344,1,1,6,D1,8,2.0,15.0,-23.0,-21.0,-8.0
1345,1,1,6,D1,9,3.0,14.0,5.0,8.0,19.0
1346,1,1,6,D1,10,3.0,15.0,19.0,22.0,34.0
1347,1,1,6,D1,11,2.0,15.0,3.0,5.0,18.0
1348,1,1,6,D1,12,2.0,13.0,17.0,19.0,30.0
1349,1,1,6,D1,13,2.0,15.0,6.0,8.0,21.0
1350,1,1,6,D1,14,3.0,14.0,31.0,34.0,45.0
1351,1,1,6,D1,15,3.0,15.0,-7.0,-4.0,8.0
1352,1,1,6,D1,16,3.0,15.0,3.0,6.0,18.0
1353,1,1,6,D1,17,3.0,12.0,16.0,19.0,28.0
1354,1,1,6,D1,18,3.0,14.0,-1.0,2.0,13.0
1355,1,1,6,D1,19,3.0,15.0,-18.0,-15.0,-3.0
1356,1,1,7,D1,0,2.0,17.0,10.0,12.0,27.0
1357,1,1,7,D1,1,2.0,16.0,3.0,5.0,19.0
1358,1,1,7,D1,2,3.0,16.0,-9.0,-6.0,7.0
1359,1,1,7,D1,3,2.0,15.0,21.0,23.0,36.0
1360,1,1,7,D1,4,3.0,17.0,20.0,23.0,37.0
1361,1,1,7,D1,5,2.0,17.0,14.0,16.0,31.0
1362,1,1,7,D1,6,2.0,17.0,-2.0,0.0,15.0
1363,1,1,7,D1,7,3.0,16.0,5.0,8.0,21.0
1364,1,1,7,D1,8,2.0,16.0,40.0,42.0,56.0
1365,1,1,7,D1,9,2.0,15.0,14.0,16.0,29.0
1366,1,1,7,D1,10,2.0,12.0,24.0,26.0,36.0
1367,1,1,7,D1,11,2.0,15.0,26.0,28.0,41.0
1368,1,1,7,D1,12,3.0,16.0,-0.0,3.0,16.0
1369,1,1,7,D1,13,3.0,16.0,19.0,22.0,35.0
1370,1,1,7,D1,14,3.0,17.0,-3.0,0.0,14.0
1371,1,1,7,D1,15,3.0,14.0,-2.0,1.0,12.0
1372,1,1,7,D1,16,3.0,17.0,33.0,36.0,50.0
1373,1,1,7,D1,17,2.0,15.0,11.0,13.0,26.0
1374,1,1,7,D1,18,3.0,15.0,4.0,7.0,19.0
1375,1,1,7,D1,19,3.0,16.0,17.0,20.0,33.0
1376,1,1,8,D2,0,3.0,15.0,-2.0,1.0,13.0
1377,1,1,8,D2,1,3.0,17.0,10.0,13.0,27.0
1378,1,1,8,D2,2,3.0,13.0,31.0,34.0,44.0
1379,1,1,8,D2,3,3.0,17.0,21.0,24.0,38.0
1380,1,1,8,D2,4,3.0,15.0,7.0,10.0,22.0
1381,1,1,8,D2,5,3.0,15.0,-22.0,-19.0,-7.0
1382,1,1,8,D2,6,3.0,14.0,9.0,12.0,23.0
1383,1,1,8,D2,7,3.0,15.0,-0.0,3.0,15.0
1384,1,1,8,D2,8,3.0,13.0,-15.0,-12.0,-2.0
1385,1,1,8,D2,9,3.0,13.0,-25.0,-22.0,-12.0
1386,1,1,8,D2,10,2.0,13.0,4.0,6.0,17.0
1387,1,1,8,D2,11,3.0,16.0,4.0,7.0,20.0
1388,1,1,8,D2,12,3.0,15.0,-27.0,-24.0,-12.0
1389,1,1,8,D2,13,3.0,14.0,-12.0,-9.0,2.0
1390,1,1,8,D2,14,2.0,14.0,-30.0,-28.0,-16.0
1391,1,1,8,D2,15,3.0,15.0,-16.0,-13.0,-1.0
1392,1,1,8,D2,16,2.0,14.0,15.0,17.0,29.0
1393,1,1,8,D2,17,2.0,12.0,16.0,18.0,28.0
1394,1,1,8,D2,18,3.0,13.0,-15.0,-12.0,-2.0
1395,1,1,9,D2,0,2.0,15.0,20.0,22.0,35.0
1396,1,1,9,D2,1,2.0,16.0,8.0,10.0,24.0
1397,1,1,9,D2,2,3.0,15.0,-9.0,-6.0,6.0
1398,1,1,9,D2,3,3.0,16.0,-9.0,-6.0,7.0
1399,1,1,9,D2,4,3.0,20.0,-27.0,-24.0,-7.0
1400,1,1,9,D2,5,4.0,13.0,-22.0,-18.0,-9.0
1401,1,1,9,D2,6,3.0,13.0,-10.0,-7.0,3.0
1402,1,1,9,D2,7,2.0,13.0,-6.0,-4.0,7.0
1403,1,1,9,D2,8,3.0,14.0,-13.0,-10.0,1.0
1404,1,1,9,D2,9,3.0,14.0,-26.0,-23.0,-12.0
1405,1,1,9,D2,10,3.0,14.0,-42.0,-39.0,-28.0
1406,1,1,9,D2,11,3.0,13.0,-33.0,-30.0,-20.0
1407,1,1,9,D2,12,3.0,14.0,-22.0,-19.0,-8.0
1408,1,1,9,D2,13,3.0,14.0,-15.0,-12.0,-1.0
1409,1,1,9,D2,14,3.0,12.0,-9.0,-6.0,3.0
1410,1,1,9,D2,15,3.0,10.0,7.0,10.0,17.0
1411,1,1,9,D2,16,3.0,13.0,5.0,8.0,18.0
1412,1,1,9,D2,17,3.0,14.0,18.0,21.0,32.0
1413,1,1,9,D2,18,3.0,13.0,21.0,24.0,34.0
1414,1,1,9,D2,19,3.0,13.0,15.0,18.0,28.0
1415,1,1,10,D2,0,3.0,14.0,14.0,17.0,28.0
1416,1,1,10,D2,1,3.0,15.0,-1.0,2.0,14.0
1417,1,1,10,D2,2,3.0,15.0,-5.0,-2.0,10.0
1418,1,1,10,D2,3,3.0,15.0,-25.0,-22.0,-10.0
1419,1,1,10,D2,4,3.0,13.0,7.0,10.0,20.0
1420,1,1,10,D2,5,3.0,15.0,-7.0,-4.0,8.0
1421,1,1,10,D2,6,3.0,13.0,-32.0,-29.0,-19.0
1422,1,1,10,D2,7,3.0,14.0,-26.0,-23.0,-12.0
1423,1,1,10,D2,8,2.0,14.0,-54.0,-52.0,-40.0
1424,1,1,10,D2,9,3.0,14.0,-25.0,-22.0,-11.0
1425,1,1,10,D2,10,3.0,15.0,-55.0,-52.0,-40.0
1426,1,1,10,D2,11,3.0,14.0,-20.0,-17.0,-6.0
1427,1,1,10,D2,12,3.0,14.0,-31.0,-28.0,-17.0
1428,1,1,10,D2,13,3.0,14.0,-31.0,-28.0,-17.0
1429,1,1,10,D2,14,3.0,13.0,-66.0,-63.0,-53.0
1430,1,1,10,D2,15,3.0,15.0,-49.0,-46.0,-34.0
1431,1,1,10,D2,16,3.0,15.0,-58.0,-55.0,-43.0
1432,1,1,10,D2,17,3.0,15.0,-8.0,-5.0,7.0
1433,1,1,10,D2,18,3.0,13.0,11.0,14.0,24.0
1434,1,1,10,D2,19,3.0,15.0,-11.0,-8.0,4.0
1435,1,1,11,D2,0,3.0,15.0,15.0,18.0,30.0
1436,1,1,11,D2,1,3.0,15.0,-7.0,-4.0,8.0
1437,1,1,11,D2,2,3.0,16.0,-36.0,-33.0,-20.0
1438,1,1,11,D2,3,2.0,13.0,-63.0,-61.0,-50.0
1439,1,1,11,D2,4,3.0,13.0,-91.0,-88.0,-78.0
1440,1,1,11,D2,5,3.0,13.0,-33.0,-30.0,-20.0
1441,1,1,11,D2,6,3.0,15.0,-23.0,-20.0,-8.0
1442,1,1,11,D2,7,3.0,15.0,-19.0,-16.0,-4.0
1443,1,1,11,D2,8,3.0,15.0,-3.0,0.0,12.0
1444,1,1,11,D2,9,2.0,15.0,-0.0,2.0,15.0
1445,1,1,11,D2,10,3.0,15.0,-5.0,-2.0,10.0
1446,1,1,11,D2,11,2.0,15.0,-9.0,-7.0,6.0
1447,1,1,11,D2,12,3.0,15.0,-5.0,-2.0,10.0
1448,1,1,11,D2,13,3.0,16.0,-33.0,-30.0,-17.0
1449,1,1,11,D2,14,3.0,14.0,-10.0,-7.0,4.0
1450,1,1,11,D2,15,4.0,14.0,-20.0,-16.0,-6.0
1451,1,1,11,D2,16,3.0,14.0,-20.0,-17.0,-6.0
1452,1,1,11,D2,17,3.0,13.0,-32.0,-29.0,-19.0
1453,1,1,11,D2,18,3.0,14.0,-32.0,-29.0,-18.0
1454,1,1,11,D2,19,3.0,15.0,-45.0,-42.0,-30.0
1455,1,1,12,D1,1,3.0,15.0,8.0,11.0,23.0
1456,1,1,12,D1,2,2.0,13.0,32.0,34.0,45.0
1457,1,1,12,D1,3,3.0,14.0,2.0,5.0,16.0
1458,1,1,12,D1,4,3.0,14.0,-54.0,-51.0,-40.0
1459,1,1,12,D1,5,3.0,15.0,-16.0,-13.0,-1.0
1460,1,1,12,D1,6,3.0,14.0,34.0,37.0,48.0
1461,1,1,12,D1,7,2.0,16.0,20.0,22.0,36.0
1462,1,1,12,D1,8,2.0,15.0,8.0,10.0,23.0
1463,1,1,12,D1,9,3.0,16.0,9.0,12.0,25.0
1464,1,1,12,D1,10,3.0,15.0,35.0,38.0,50.0
1465,1,1,12,D1,11,2.0,15.0,13.0,15.0,28.0
1466,1,1,12,D1,12,2.0,16.0,-3.0,-1.0,13.0
1467,1,1,12,D1,13,3.0,17.0,-12.0,-9.0,5.0
1468,1,1,12,D1,14,2.0,15.0,25.0,27.0,40.0
1469,1,1,12,D1,15,2.0,15.0,19.0,21.0,34.0
1470,1,1,12,D1,16,2.0,15.0,-16.0,-14.0,-1.0
1471,1,1,12,D1,17,2.0,15.0,-12.0,-10.0,3.0
1472,1,1,12,D1,18,3.0,14.0,-24.0,-21.0,-10.0
1473,1,1,12,D1,19,3.0,14.0,-50.0,-47.0,-36.0
1474,1,2,0,D2,0,3.0,16.0,19.0,22.0,35.0
1475,1,2,0,D2,1,2.0,17.0,9.0,11.0,26.0
1476,1,2,0,D2,4,2.0,16.0,-3.0,-1.0,13.0
1477,1,2,0,D2,5,2.0,15.0,5.0,7.0,20.0
1478,1,2,0,D2,6,3.0,15.0,-0.0,3.0,15.0
1479,1,2,0,D2,7,3.0,14.0,5.0,8.0,19.0
1480,1,2,0,D2,8,3.0,16.0,3.0,6.0,19.0
1481,1,2,0,D2,9,3.0,13.0,9.0,12.0,22.0
1482,1,2,0,D2,10,2.0,12.0,5.0,7.0,17.0
1483,1,2,0,D2,11,3.0,14.0,-2.0,1.0,12.0
1484,1,2,0,D2,12,3.0,13.0,10.0,13.0,23.0
1485,1,2,0,D2,13,3.0,13.0,20.0,23.0,33.0
1486,1,2,0,D2,14,3.0,13.0,12.0,15.0,25.0
1487,1,2,0,D2,15,3.0,14.0,6.0,9.0,20.0
1488,1,2,0,D2,16,3.0,13.0,21.0,24.0,34.0
1489,1,2,0,D2,17,3.0,13.0,-1.0,2.0,12.0
1490,1,2,0,D2,18,2.0,13.0,-10.0,-8.0,3.0
1491,1,2,0,D2,19,3.0,13.0,-7.0,-4.0,6.0
1492,1,2,1,D1,0,3.0,14.0,29.0,32.0,43.0
1493,1,2,1,D1,2,4.0,16.0,-43.0,-39.0,-27.0
1494,1,2,1,D1,3,3.0,14.0,-69.0,-66.0,-55.0
1495,1,2,1,D1,4,3.0,13.0,-57.0,-54.0,-44.0
1496,1,2,1,D1,5,3.0,16.0,-5.0,-2.0,11.0
1497,1,2,1,D1,6,2.0,14.0,-12.0,-10.0,2.0
1498,1,2,1,D1,7,2.0,17.0,-28.0,-26.0,-11.0
1499,1,2,1,D1,8,2.0,15.0,-67.0,-65.0,-52.0
1500,1,2,1,D1,9,3.0,14.0,9.0,12.0,23.0
1501,1,2,1,D1,10,3.0,16.0,4.0,7.0,20.0
1502,1,2,1,D1,11,3.0,18.0,-4.0,-1.0,14.0
1503,1,2,1,D1,12,3.0,16.0,-18.0,-15.0,-2.0
1504,1,2,1,D1,13,2.0,17.0,-11.0,-9.0,6.0
1505,1,2,1,D1,14,3.0,17.0,-17.0,-14.0,0.0
1506,1,2,1,D1,15,3.0,15.0,22.0,25.0,37.0
1507,1,2,1,D1,16,3.0,17.0,-8.0,-5.0,9.0
1508,1,2,1,D1,17,2.0,15.0,-56.0,-54.0,-41.0
1509,1,2,1,D1,18,2.0,16.0,-9.0,-7.0,7.0
1510,1,2,1,D1,19,3.0,15.0,-9.0,-6.0,6.0
1511,1,2,2,D2,0,3.0,16.0,-18.0,-15.0,-2.0
1512,1,2,2,D2,1,3.0,16.0,-66.0,-63.0,-50.0
1513,1,2,2,D2,2,3.0,16.0,-11.0,-8.0,5.0
1514,1,2,2,D2,3,2.0,14.0,-80.0,-78.0,-66.0
1515,1,2,2,D2,4,3.0,15.0,15.0,18.0,30.0
1516,1,2,2,D2,5,3.0,15.0,-29.0,-26.0,-14.0
1517,1,2,2,D2,6,3.0,15.0,-57.0,-54.0,-42.0
1518,1,2,2,D2,7,2.0,15.0,-68.0,-66.0,-53.0
1519,1,2,2,D2,8,3.0,14.0,-56.0,-53.0,-42.0
1520,1,2,2,D2,9,2.0,15.0,-27.0,-25.0,-12.0
1521,1,2,2,D2,10,3.0,14.0,-53.0,-50.0,-39.0
1522,1,2,2,D2,11,3.0,17.0,-29.0,-26.0,-12.0
1523,1,2,2,D2,12,2.0,17.0,-96.0,-94.0,-79.0
1524,1,2,2,D2,13,2.0,17.0,-57.0,-55.0,-40.0
1525,1,2,2,D2,14,3.0,18.0,-91.0,-88.0,-73.0
1526,1,2,2,D2,15,2.0,16.0,-74.0,-72.0,-58.0
1527,1,2,2,D2,16,2.0,12.0,11.0,13.0,23.0
1528,1,2,2,D2,18,2.0,17.0,-10.0,-8.0,7.0
1529,1,2,3,D2,0,3.0,18.0,23.0,26.0,41.0
1530,1,2,3,D2,1,3.0,16.0,4.0,7.0,20.0
1531,1,2,3,D2,2,4.0,16.0,16.0,20.0,32.0
1532,1,2,3,D2,3,4.0,16.0,16.0,20.0,32.0
1533,1,2,3,D2,4,3.0,16.0,3.0,6.0,19.0
1534,1,2,3,D2,5,3.0,16.0,-27.0,-24.0,-11.0
1535,1,2,3,D2,6,3.0,15.0,1.0,4.0,16.0
1536,1,2,3,D2,7,3.0,14.0,13.0,16.0,27.0
1537,1,2,3,D2,8,4.0,14.0,18.0,22.0,32.0
1538,1,2,3,D2,9,3.0,15.0,5.0,8.0,20.0
1539,1,2,3,D2,10,3.0,15.0,16.0,19.0,31.0
1540,1,2,3,D2,11,3.0,14.0,33.0,36.0,47.0
1541,1,2,3,D2,12,3.0,14.0,3.0,6.0,17.0
1542,1,2,3,D2,13,3.0,13.0,-1.0,2.0,12.0
1543,1,2,3,D2,14,3.0,14.0,-8.0,-5.0,6.0
1544,1,2,3,D2,15,3.0,14.0,2.0,5.0,16.0
1545,1,2,3,D2,16,3.0,14.0,7.0,10.0,21.0
1546,1,2,3,D2,17,3.0,12.0,-7.0,-4.0,5.0
1547,1,2,3,D2,18,3.0,13.0,9.0,12.0,22.0
1548,1,2,3,D2,19,3.0,13.0,-7.0,-4.0,6.0
1549,1,2,4,D1,1,3.0,16.0,-34.0,-31.0,-18.0
1550,1,2,4,D1,2,3.0,16.0,-12.0,-9.0,4.0
1551,1,2,4,D1,3,3.0,15.0,-12.0,-9.0,3.0
1552,1,2,4,D1,4,2.0,17.0,-19.0,-17.0,-2.0
1553,1,2,4,D1,5,3.0,15.0,-40.0,-37.0,-25.0
1554,1,2,4,D1,6,3.0,16.0,-19.0,-16.0,-3.0
1555,1,2,4,D1,7,2.0,14.0,-6.0,-4.0,8.0
1556,1,2,4,D1,8,3.0,14.0,2.0,5.0,16.0
1557,1,2,4,D1,9,3.0,14.0,22.0,25.0,36.0
1558,1,2,4,D1,10,3.0,14.0,-1.0,2.0,13.0
1559,1,2,4,D1,11,3.0,14.0,-19.0,-16.0,-5.0
1560,1,2,4,D1,12,3.0,13.0,-2.0,1.0,11.0
1561,1,2,4,D1,13,3.0,14.0,-1.0,2.0,13.0
1562,1,2,4,D1,14,3.0,15.0,-13.0,-10.0,2.0
1563,1,2,4,D1,15,3.0,15.0,-15.0,-12.0,0.0
1564,1,2,4,D1,16,3.0,15.0,59.0,62.0,74.0
1565,1,2,4,D1,17,3.0,13.0,39.0,42.0,52.0
1566,1,2,4,D1,18,3.0,14.0,11.0,14.0,25.0
1567,1,2,5,D1,0,1.0,13.0,-2.0,-1.0,11.0
1568,1,2,5,D1,1,3.0,15.0,3.0,6.0,18.0
1569,1,2,5,D1,2,3.0,15.0,-19.0,-16.0,-4.0
1570,1,2,5,D1,3,3.0,15.0,-6.0,-3.0,9.0
1571,1,2,5,D1,4,3.0,14.0,-21.0,-18.0,-7.0
1572,1,2,5,D1,5,3.0,13.0,-35.0,-32.0,-22.0
1573,1,2,5,D1,6,3.0,14.0,-12.0,-9.0,2.0
1574,1,2,5,D1,7,3.0,14.0,-43.0,-40.0,-29.0
1575,1,2,5,D1,8,4.0,14.0,-24.0,-20.0,-10.0
1576,1,2,5,D1,9,2.0,13.0,-32.0,-30.0,-19.0
1577,1,2,5,D1,10,3.0,14.0,-4.0,-1.0,10.0
1578,1,2,5,D1,11,3.0,14.0,-12.0,-9.0,2.0
1579,1,2,5,D1,12,3.0,14.0,-9.0,-6.0,5.0
1580,1,2,5,D1,13,3.0,14.0,-28.0,-25.0,-14.0
1581,1,2,5,D1,14,3.0,15.0,-6.0,-3.0,9.0
1582,1,2,5,D1,15,3.0,15.0,-26.0,-23.0,-11.0
1583,1,2,5,D1,16,4.0,15.0,-21.0,-17.0,-6.0
1584,1,2,5,D1,17,3.0,16.0,-21.0,-18.0,-5.0
1585,1,2,5,D1,18,3.0,15.0,-11.0,-8.0,4.0
1586,1,2,5,D1,19,2.0,13.0,-69.0,-67.0,-56.0
1587,1,2,6,D2,0,2.0,16.0,-19.0,-17.0,-3.0
1588,1,2,6,D2,1,2.0,14.0,-58.0,-56.0,-44.0
1589,1,2,6,D2,2,3.0,14.0,-48.0,-45.0,-34.0
1590,1,2,6,D2,3,3.0,15.0,-42.0,-39.0,-27.0
1591,1,2,6,D2,4,2.0,16.0,-29.0,-27.0,-13.0
1592,1,2,6,D2,5,3.0,16.0,-54.0,-51.0,-38.0
1593,1,2,6,D2,6,3.0,15.0,-6.0,-3.0,9.0
1594,1,2,6,D2,7,3.0,16.0,-25.0,-22.0,-9.0
1595,1,2,6,D2,8,3.0,14.0,-8.0,-5.0,6.0
1596,1,2,6,D2,9,3.0,15.0,-41.0,-38.0,-26.0
1597,1,2,6,D2,10,3.0,13.0,-21.0,-18.0,-8.0
1598,1,2,6,D2,11,3.0,13.0,-25.0,-22.0,-12.0
1599,1,2,6,D2,12,3.0,15.0,-2.0,1.0,13.0
1600,1,2,6,D2,13,3.0,14.0,18.0,21.0,32.0
1601,1,2,6,D2,14,3.0,15.0,9.0,12.0,24.0
1602,1,2,6,D2,15,2.0,15.0,-2.0,0.0,13.0
1603,1,2,6,D2,16,3.0,12.0,19.0,22.0,31.0
1604,1,2,6,D2,17,2.0,14.0,-2.0,0.0,12.0
1605,1,2,6,D2,18,3.0,14.0,-48.0,-45.0,-34.0
1606,1,2,7,D2,0,2.0,15.0,4.0,6.0,19.0
1607,1,2,7,D2,1,2.0,15.0,4.0,6.0,19.0
1608,1,2,7,D2,2,3.0,16.0,-9.0,-6.0,7.0
1609,1,2,7,D2,3,3.0,17.0,-16.0,-13.0,1.0
1610,1,2,7,D2,4,3.0,15.0,-4.0,-1.0,11.0
1611,1,2,7,D2,5,3.0,14.0,-0.0,3.0,14.0
1612,1,2,7,D2,6,3.0,14.0,-22.0,-19.0,-8.0
1613,1,2,7,D2,7,2.0,13.0,-33.0,-31.0,-20.0
1614,1,2,7,D2,8,2.0,13.0,-56.0,-54.0,-43.0
1615,1,2,7,D2,9,2.0,14.0,-27.0,-25.0,-13.0
1616,1,2,7,D2,10,2.0,13.0,-45.0,-43.0,-32.0
1617,1,2,7,D2,11,3.0,13.0,-24.0,-21.0,-11.0
1618,1,2,7,D2,12,3.0,13.0,-16.0,-13.0,-3.0
1619,1,2,7,D2,13,4.0,13.0,-18.0,-14.0,-5.0
1620,1,2,7,D2,14,2.0,13.0,-39.0,-37.0,-26.0
1621,1,2,7,D2,15,3.0,13.0,-14.0,-11.0,-1.0
1622,1,2,7,D2,16,4.0,13.0,-8.0,-4.0,5.0
1623,1,2,7,D2,17,3.0,13.0,-6.0,-3.0,7.0
1624,1,2,7,D2,18,3.0,12.0,-26.0,-23.0,-14.0
1625,1,2,7,D2,19,3.0,13.0,-25.0,-22.0,-12.0
1626,1,2,8,D1,0,1.0,13.0,-2.0,-1.0,11.0
1627,1,2,8,D1,1,2.0,15.0,5.0,7.0,20.0
1628,1,2,8,D1,2,3.0,16.0,-4.0,-1.0,12.0
1629,1,2,8,D1,3,3.0,16.0,-11.0,-8.0,5.0
1630,1,2,8,D1,4,3.0,13.0,-30.0,-27.0,-17.0
1631,1,2,8,D1,5,3.0,13.0,-28.0,-25.0,-15.0
1632,1,2,8,D1,6,3.0,13.0,-30.0,-27.0,-17.0
1633,1,2,8,D1,7,3.0,13.0,-42.0,-39.0,-29.0
1634,1,2,8,D1,8,3.0,13.0,-40.0,-37.0,-27.0
1635,1,2,8,D1,9,2.0,12.0,-40.0,-38.0,-28.0
1636,1,2,8,D1,10,2.0,12.0,-72.0,-70.0,-60.0
1637,1,2,8,D1,11,3.0,13.0,-10.0,-7.0,3.0
1638,1,2,8,D1,12,2.0,13.0,-3.0,-1.0,10.0
1639,1,2,8,D1,13,2.0,12.0,25.0,27.0,37.0
1640,1,2,8,D1,14,3.0,14.0,-11.0,-8.0,3.0
1641,1,2,8,D1,15,2.0,14.0,-5.0,-3.0,9.0
1642,1,2,8,D1,16,2.0,15.0,-1.0,1.0,14.0
1643,1,2,8,D1,17,2.0,20.0,15.0,17.0,35.0
1644,1,2,8,D1,18,3.0,14.0,12.0,15.0,26.0
1645,1,2,8,D1,19,3.0,14.0,3.0,6.0,17.0
1646,1,2,9,D1,0,3.0,16.0,8.0,11.0,24.0
1647,1,2,9,D1,1,2.0,15.0,-0.0,2.0,15.0
1648,1,2,9,D1,2,2.0,15.0,-5.0,-3.0,10.0
1649,1,2,9,D1,3,3.0,16.0,12.0,15.0,28.0
1650,1,2,9,D1,4,3.0,15.0,20.0,23.0,35.0
1651,1,2,9,D1,5,3.0,15.0,28.0,31.0,43.0
1652,1,2,9,D1,6,2.0,16.0,18.0,20.0,34.0
1653,1,2,9,D1,7,3.0,15.0,31.0,34.0,46.0
1654,1,2,9,D1,8,3.0,16.0,33.0,36.0,49.0
1655,1,2,9,D1,9,2.0,15.0,36.0,38.0,51.0
1656,1,2,9,D1,10,2.0,15.0,19.0,21.0,34.0
1657,1,2,9,D1,11,2.0,16.0,43.0,45.0,59.0
1658,1,2,9,D1,12,2.0,16.0,19.0,21.0,35.0
1659,1,2,9,D1,13,3.0,17.0,8.0,11.0,25.0
1660,1,2,9,D1,14,2.0,16.0,-8.0,-6.0,8.0
1661,1,2,9,D1,15,3.0,17.0,14.0,17.0,31.0
1662,1,2,9,D1,16,2.0,14.0,19.0,21.0,33.0
1663,1,2,9,D1,17,3.0,17.0,21.0,24.0,38.0
1664,1,2,9,D1,18,3.0,16.0,20.0,23.0,36.0
1665,1,2,10,D1,0,3.0,15.0,-24.0,-21.0,-9.0
1666,1,2,10,D1,1,2.0,16.0,-39.0,-37.0,-23.0
1667,1,2,10,D1,2,3.0,16.0,-53.0,-50.0,-37.0
1668,1,2,10,D1,3,3.0,15.0,-50.0,-47.0,-35.0
1669,1,2,10,D1,4,2.0,14.0,-38.0,-36.0,-24.0
1670,1,2,10,D1,5,2.0,16.0,-50.0,-48.0,-34.0
1671,1,2,10,D1,6,2.0,15.0,-9.0,-7.0,6.0
1672,1,2,10,D1,7,3.0,16.0,10.0,13.0,26.0
1673,1,2,10,D1,8,3.0,17.0,15.0,18.0,32.0
1674,1,2,10,D1,9,2.0,16.0,-10.0,-8.0,6.0
1675,1,2,10,D1,10,3.0,14.0,-24.0,-21.0,-10.0
1676,1,2,10,D1,11,3.0,16.0,-24.0,-21.0,-8.0
1677,1,2,10,D1,12,3.0,15.0,-7.0,-4.0,8.0
1678,1,2,10,D1,13,4.0,15.0,-20.0,-16.0,-5.0
1679,1,2,10,D1,14,4.0,14.0,-22.0,-18.0,-8.0
1680,1,2,10,D1,15,3.0,14.0,-14.0,-11.0,0.0
1681,1,2,10,D1,16,5.0,18.0,-20.0,-15.0,-2.0
1682,1,2,10,D1,17,3.0,16.0,-38.0,-35.0,-22.0
1683,1,2,11,D2,1,3.0,18.0,-1.0,2.0,17.0
1684,1,2,11,D2,2,2.0,15.0,19.0,21.0,34.0
1685,1,2,11,D2,3,2.0,16.0,-20.0,-18.0,-4.0
1686,1,2,11,D2,4,3.0,15.0,-9.0,-6.0,6.0
1687,1,2,11,D2,5,3.0,16.0,-57.0,-54.0,-41.0
1688,1,2,11,D2,6,3.0,15.0,-21.0,-18.0,-6.0
1689,1,2,11,D2,7,3.0,16.0,-32.0,-29.0,-16.0
1690,1,2,11,D2,8,3.0,17.0,-36.0,-33.0,-19.0
1691,1,2,11,D2,9,2.0,17.0,-32.0,-30.0,-15.0
1692,1,2,11,D2,10,2.0,15.0,-38.0,-36.0,-23.0
1693,1,2,11,D2,12,3.0,15.0,-28.0,-25.0,-13.0
1694,1,2,11,D2,13,3.0,15.0,-11.0,-8.0,4.0
1695,1,2,11,D2,14,3.0,16.0,-7.0,-4.0,9.0
1696,1,2,11,D2,15,3.0,16.0,-16.0,-13.0,0.0
1697,1,2,11,D2,16,3.0,15.0,-50.0,-47.0,-35.0
1698,1,2,11,D2,17,3.0,15.0,-30.0,-27.0,-15.0
1699,1,2,11,D2,18,3.0,16.0,-30.0,-27.0,-14.0
1700,1,2,11,D2,19,3.0,17.0,-63.0,-60.0,-46.0
1701,1,2,12,D2,0,3.0,15.0,21.0,24.0,36.0
1702,1,2,12,D2,1,3.0,13.0,10.0,13.0,23.0
1703,1,2,12,D2,2,3.0,16.0,-3.0,0.0,13.0
1704,1,2,12,D2,3,3.0,16.0,-12.0,-9.0,4.0
1705,1,2,12,D2,4,3.0,16.0,-15.0,-12.0,1.0
1706,1,2,12,D2,5,3.0,13.0,-5.0,-2.0,8.0
1707,1,2,12,D2,6,3.0,15.0,-16.0,-13.0,-1.0
1708,1,2,12,D2,7,3.0,16.0,-15.0,-12.0,1.0
1709,1,2,12,D2,8,3.0,14.0,-32.0,-29.0,-18.0
1710,1,2,12,D2,9,3.0,13.0,-42.0,-39.0,-29.0
1711,1,2,12,D2,10,2.0,14.0,-48.0,-46.0,-34.0
1712,1,2,12,D2,11,3.0,13.0,-33.0,-30.0,-20.0
1713,1,2,12,D2,12,3.0,15.0,-22.0,-19.0,-7.0
1714,1,2,12,D2,13,3.0,16.0,15.0,18.0,31.0
1715,1,2,12,D2,14,3.0,15.0,49.0,52.0,64.0
1716,1,2,12,D2,15,3.0,16.0,-5.0,-2.0,11.0
1717,1,2,12,D2,16,3.0,14.0,-11.0,-8.0,3.0
1718,1,2,12,D2,17,4.0,15.0,-12.0,-8.0,3.0
1719,1,2,12,D2,18,2.0,15.0,-15.0,-13.0,0.0
1720,1,2,12,D2,19,3.0,13.0,-14.0,-11.0,-1.0
1721,1,3,0,M1,0,2.0,17.0,15.0,17.0,32.0
1722,1,3,0,M1,1,3.0,19.0,44.0,47.0,63.0
1723,1,3,0,M1,2,3.0,18.0,20.0,23.0,38.0
1724,1,3,0,M1,3,2.0,19.0,-12.0,-10.0,7.0
1725,1,3,0,M1,4,3.0,20.0,-44.0,-41.0,-24.0
1726,1,3,0,M1,5,4.0,19.0,-14.0,-10.0,5.0
1727,1,3,0,M1,6,3.0,18.0,-21.0,-18.0,-3.0
1728,1,3,0,M1,7,3.0,18.0,28.0,31.0,46.0
1729,1,3,0,M1,8,3.0,19.0,11.0,14.0,30.0
1730,1,3,0,M1,9,3.0,19.0,8.0,11.0,27.0
1731,1,3,0,M1,10,3.0,19.0,-31.0,-28.0,-12.0
1732,1,3,0,M1,11,3.0,21.0,57.0,60.0,78.0
1733,1,3,0,M1,16,2.0,19.0,18.0,20.0,37.0
1734,1,3,0,M1,17,3.0,19.0,24.0,27.0,43.0
1735,1,3,0,M1,18,3.0,20.0,-13.0,-10.0,7.0
1736,1,3,0,M1,19,3.0,19.0,-7.0,-4.0,12.0
1737,1,3,0,M1,20,3.0,18.0,-15.0,-12.0,3.0
1738,1,3,0,M1,21,2.0,19.0,-3.0,-1.0,16.0
1739,1,3,1,M2,3,3.0,20.0,30.0,33.0,50.0
1740,1,3,1,M2,4,3.0,18.0,-28.0,-25.0,-10.0
1741,1,3,1,M2,5,2.0,19.0,-44.0,-42.0,-25.0
1742,1,3,1,M2,6,3.0,21.0,-19.0,-16.0,2.0
1743,1,3,1,M2,7,2.0,19.0,-13.0,-11.0,6.0
1744,1,3,1,M2,8,2.0,21.0,-27.0,-25.0,-6.0
1745,1,3,1,M2,9,2.0,20.0,-46.0,-44.0,-26.0
1746,1,3,1,M2,10,2.0,20.0,-24.0,-22.0,-4.0
1747,1,3,1,M2,11,3.0,18.0,-12.0,-9.0,6.0
1748,1,3,1,M2,12,2.0,21.0,-75.0,-73.0,-54.0
1749,1,3,1,M2,13,2.0,19.0,39.0,41.0,58.0
1750,1,3,1,M2,14,2.0,21.0,31.0,33.0,52.0
1751,1,3,1,M2,15,3.0,21.0,18.0,21.0,39.0
1752,1,3,1,M2,16,2.0,17.0,10.0,12.0,27.0
1753,1,3,1,M2,17,3.0,20.0,31.0,34.0,51.0
1754,1,3,1,M2,18,3.0,20.0,-8.0,-5.0,12.0
1755,1,3,1,M2,19,2.0,20.0,-32.0,-30.0,-12.0
1756,1,3,1,M2,20,2.0,20.0,-19.0,-17.0,1.0
1757,1,3,2,M1,0,3.0,17.0,-0.0,3.0,17.0
1758,1,3,2,M1,1,2.0,18.0,8.0,10.0,26.0
1759,1,3,2,M1,2,3.0,19.0,19.0,22.0,38.0
1760,1,3,2,M1,3,3.0,21.0,32.0,35.0,53.0
1761,1,3,2,M1,4,2.0,20.0,51.0,53.0,71.0
1762,1,3,2,M1,5,2.0,20.0,69.0,71.0,89.0
1763,1,3,2,M1,6,2.0,20.0,19.0,21.0,39.0
1764,1,3,2,M1,7,3.0,19.0,-15.0,-12.0,4.0
1765,1,3,2,M1,8,2.0,17.0,-10.0,-8.0,7.0
1766,1,3,2,M1,9,3.0,20.0,-25.0,-22.0,-5.0
1767,1,3,2,M1,10,3.0,18.0,5.0,8.0,23.0
1768,1,3,2,M1,11,3.0,19.0,26.0,29.0,45.0
1769,1,3,2,M1,12,3.0,18.0,-7.0,-4.0,11.0
1770,1,3,2,M1,13,3.0,18.0,-10.0,-7.0,8.0
1771,1,3,2,M1,14,2.0,18.0,-17.0,-15.0,1.0
1772,1,3,2,M1,15,3.0,18.0,-54.0,-51.0,-36.0
1773,1,3,2,M1,16,3.0,20.0,-46.0,-43.0,-26.0
1774,1,3,2,M1,17,2.0,20.0,-29.0,-27.0,-9.0
1775,1,3,2,M1,18,3.0,19.0,5.0,8.0,24.0
1776,1,3,2,M1,19,2.0,19.0,2.0,4.0,21.0
1777,1,3,3,M1,0,3.0,22.0,16.0,19.0,38.0
1778,1,3,3,M1,1,3.0,21.0,11.0,14.0,32.0
1779,1,3,3,M1,2,3.0,20.0,1.0,4.0,21.0
1780,1,3,3,M1,3,2.0,20.0,5.0,7.0,25.0
1781,1,3,3,M1,4,2.0,19.0,7.0,9.0,26.0
1782,1,3,3,M1,5,2.0,22.0,-3.0,-1.0,19.0
1783,1,3,3,M1,6,2.0,22.0,5.0,7.0,27.0
1784,1,3,3,M1,7,2.0,22.0,-6.0,-4.0,16.0
1785,1,3,3,M1,8,3.0,22.0,-9.0,-6.0,13.0
1786,1,3,3,M1,9,3.0,22.0,-23.0,-20.0,-1.0
1787,1,3,3,M1,10,3.0,23.0,-24.0,-21.0,-1.0
1788,1,3,3,M1,11,3.0,23.0,-7.0,-4.0,16.0
1789,1,3,3,M1,12,2.0,21.0,4.0,6.0,25.0
1790,1,3,3,M1,13,3.0,22.0,-8.0,-5.0,14.0
1791,1,3,3,M1,14,3.0,23.0,7.0,10.0,30.0
1792,1,3,3,M1,15,3.0,19.0,27.0,30.0,46.0
1793,1,3,3,M1,16,3.0,19.0,6.0,9.0,25.0
1794,1,3,3,M1,17,2.0,19.0,6.0,8.0,25.0
1795,1,3,3,M1,18,4.0,21.0,-8.0,-4.0,13.0
1796,1,3,3,M1,19,3.0,22.0,-3.0,0.0,19.0
1797,1,3,4,M1,0,3.0,22.0,6.0,9.0,28.0
1798,1,3,4,M1,1,3.0,21.0,-10.0,-7.0,11.0
1799,1,3,4,M1,2,2.0,20.0,-6.0,-4.0,14.0
1800,1,3,4,M1,3,3.0,21.0,33.0,36.0,54.0
1801,1,3,4,M1,4,2.0,21.0,-5.0,-3.0,16.0
1802,1,3,4,M1,5,2.0,21.0,-7.0,-5.0,14.0
1803,1,3,4,M1,6,3.0,21.0,-9.0,-6.0,12.0
1804,1,3,4,M1,7,2.0,22.0,-44.0,-42.0,-22.0
1805,1,3,4,M1,8,2.0,21.0,-36.0,-34.0,-15.0
1806,1,3,4,M1,9,2.0,22.0,-20.0,-18.0,2.0
1807,1,3,4,M1,10,3.0,23.0,-21.0,-18.0,2.0
1808,1,3,4,M1,11,3.0,19.0,-25.0,-22.0,-6.0
1809,1,3,4,M1,12,2.0,19.0,-26.0,-24.0,-7.0
1810,1,3,4,M1,13,3.0,21.0,-23.0,-20.0,-2.0
1811,1,3,4,M1,14,3.0,21.0,-13.0,-10.0,8.0
1812,1,3,4,M1,15,3.0,21.0,-2.0,1.0,19.0
1813,1,3,4,M1,16,3.0,22.0,15.0,18.0,37.0
1814,1,3,4,M1,17,3.0,19.0,-13.0,-10.0,6.0
1815,1,3,4,M1,18,2.0,19.0,-38.0,-36.0,-19.0
1816,1,3,4,M1,19,3.0,19.0,-25.0,-22.0,-6.0
1817,1,3,5,M2,0,1.0,19.0,-2.0,-1.0,17.0
1818,1,3,5,M2,1,2.0,20.0,-50.0,-48.0,-30.0
1819,1,3,5,M2,2,2.0,20.0,-42.0,-40.0,-22.0
1820,1,3,5,M2,3,3.0,20.0,-54.0,-51.0,-34.0
1821,1,3,5,M2,4,2.0,19.0,-33.0,-31.0,-14.0
1822,1,3,5,M2,5,3.0,22.0,-23.0,-20.0,-1.0
1823,1,3,5,M2,6,2.0,21.0,27.0,29.0,48.0
1824,1,3,5,M2,7,2.0,22.0,1.0,3.0,23.0
1825,1,3,5,M2,8,2.0,22.0,-20.0,-18.0,2.0
1826,1,3,5,M2,9,3.0,22.0,-74.0,-71.0,-52.0
1827,1,3,5,M2,10,2.0,20.0,-15.0,-13.0,5.0
1828,1,3,5,M2,11,2.0,22.0,-2.0,0.0,20.0
1829,1,3,5,M2,12,2.0,21.0,-9.0,-7.0,12.0
1830,1,3,5,M2,13,2.0,21.0,-2.0,0.0,19.0
1831,1,3,5,M2,14,2.0,21.0,-9.0,-7.0,12.0
1832,1,3,5,M2,15,3.0,21.0,9.0,12.0,30.0
1833,1,3,5,M2,16,3.0,21.0,-39.0,-36.0,-18.0
1834,1,3,5,M2,17,2.0,21.0,-28.0,-26.0,-7.0
1835,1,3,5,M2,18,2.0,21.0,-9.0,-7.0,12.0
1836,1,3,5,M2,19,2.0,21.0,-11.0,-9.0,10.0
1837,1,3,6,M2,0,2.0,23.0,46.0,48.0,69.0
1838,1,3,6,M2,2,2.0,22.0,-31.0,-29.0,-9.0
1839,1,3,6,M2,3,2.0,22.0,-23.0,-21.0,-1.0
1840,1,3,6,M2,4,3.0,23.0,31.0,34.0,54.0
1841,1,3,6,M2,5,2.0,22.0,11.0,13.0,33.0
1842,1,3,6,M2,6,2.0,22.0,-5.0,-3.0,17.0
1843,1,3,6,M2,7,3.0,14.0,-8.0,-5.0,6.0
1844,1,3,6,M2,8,2.0,24.0,-24.0,-22.0,0.0
1845,1,3,6,M2,9,2.0,11.0,-44.0,-42.0,-33.0
1846,1,3,6,M2,10,2.0,21.0,-10.0,-8.0,11.0
1847,1,3,6,M2,11,2.0,21.0,-25.0,-23.0,-4.0
1848,1,3,6,M2,12,3.0,21.0,28.0,31.0,49.0
1849,1,3,6,M2,13,2.0,23.0,-36.0,-34.0,-13.0
1850,1,3,6,M2,14,3.0,22.0,-18.0,-15.0,4.0
1851,1,3,6,M2,15,2.0,14.0,-48.0,-46.0,-34.0
1852,1,3,7,M1,0,19.0,25.0,13.0,32.0,38.0
1853,1,3,7,M1,1,2.0,22.0,-21.0,-19.0,1.0
1854,1,3,7,M1,2,2.0,22.0,-32.0,-30.0,-10.0
1855,1,3,7,M1,3,2.0,20.0,8.0,10.0,28.0
1856,1,3,7,M1,4,2.0,22.0,-9.0,-7.0,13.0
1857,1,3,7,M1,5,2.0,24.0,-24.0,-22.0,0.0
1858,1,3,7,M1,6,2.0,26.0,20.0,22.0,46.0
1859,1,3,7,M1,7,3.0,14.0,-4.0,-1.0,10.0
1860,1,3,7,M1,8,3.0,22.0,-37.0,-34.0,-15.0
1861,1,3,7,M1,9,3.0,23.0,-7.0,-4.0,16.0
1862,1,3,7,M1,10,2.0,23.0,-14.0,-12.0,9.0
1863,1,3,7,M1,11,2.0,20.0,44.0,46.0,64.0
1864,1,3,7,M1,12,2.0,23.0,10.0,12.0,33.0
1865,1,3,7,M1,13,3.0,22.0,-13.0,-10.0,9.0
1866,1,3,7,M1,14,3.0,21.0,-20.0,-17.0,1.0
1867,1,3,7,M1,15,2.0,20.0,24.0,26.0,44.0
1868,1,3,7,M1,16,3.0,21.0,-18.0,-15.0,3.0
1869,1,3,7,M1,17,2.0,21.0,-4.0,-2.0,17.0
1870,1,3,8,M1,0,3.0,20.0,15.0,18.0,35.0
1871,1,3,8,M1,1,3.0,22.0,37.0,40.0,59.0
1872,1,3,8,M1,2,4.0,22.0,16.0,20.0,38.0
1873,1,3,8,M1,3,3.0,21.0,-0.0,3.0,21.0
1874,1,3,8,M1,4,2.0,20.0,8.0,10.0,28.0
1875,1,3,8,M1,5,2.0,20.0,17.0,19.0,37.0
1876,1,3,8,M1,6,3.0,19.0,16.0,19.0,35.0
1877,1,3,8,M1,7,3.0,20.0,15.0,18.0,35.0
1878,1,3,8,M1,8,3.0,21.0,-6.0,-3.0,15.0
1879,1,3,8,M1,9,2.0,19.0,7.0,9.0,26.0
1880,1,3,8,M1,10,3.0,19.0,17.0,20.0,36.0
1881,1,3,8,M1,11,3.0,19.0,13.0,16.0,32.0
1882,1,3,8,M1,12,3.0,18.0,-13.0,-10.0,5.0
1883,1,3,8,M1,13,3.0,20.0,-23.0,-20.0,-3.0
1884,1,3,8,M1,14,3.0,22.0,-7.0,-4.0,15.0
1885,1,3,8,M1,15,3.0,20.0,-23.0,-20.0,-3.0
1886,1,3,8,M1,16,3.0,18.0,-9.0,-6.0,9.0
1887,1,3,8,M1,17,3.0,20.0,11.0,14.0,31.0
1888,1,3,8,M1,18,4.0,22.0,36.0,40.0,58.0
1889,1,3,8,M1,19,3.0,21.0,43.0,46.0,64.0
1890,1,3,9,M2,0,3.0,20.0,33.0,36.0,53.0
1891,1,3,9,M2,1,3.0,21.0,6.0,9.0,27.0
1892,1,3,9,M2,2,3.0,17.0,10.0,13.0,27.0
1893,1,3,9,M2,3,3.0,19.0,18.0,21.0,37.0
1894,1,3,9,M2,4,3.0,19.0,-5.0,-2.0,14.0
1895,1,3,9,M2,5,2.0,20.0,-4.0,-2.0,16.0
1896,1,3,9,M2,6,4.0,21.0,-27.0,-23.0,-6.0
1897,1,3,9,M2,7,2.0,18.0,-7.0,-5.0,11.0
1898,1,3,9,M2,8,3.0,20.0,-29.0,-26.0,-9.0
1899,1,3,9,M2,9,3.0,20.0,-36.0,-33.0,-16.0
1900,1,3,9,M2,10,4.0,22.0,-57.0,-53.0,-35.0
1901,1,3,9,M2,11,2.0,18.0,-9.0,-7.0,9.0
1902,1,3,9,M2,12,3.0,21.0,-20.0,-17.0,1.0
1903,1,3,9,M2,13,2.0,17.0,-6.0,-4.0,11.0
1904,1,3,9,M2,14,3.0,32.0,-40.0,-37.0,-8.0
1905,1,3,9,M2,15,3.0,17.0,-30.0,-27.0,-13.0
1906,1,3,9,M2,16,2.0,20.0,-26.0,-24.0,-6.0
1907,1,3,9,M2,17,2.0,16.0,24.0,26.0,40.0
1908,1,3,9,M2,18,3.0,19.0,28.0,31.0,47.0
1909,1,3,10,M2,0,3.0,24.0,1.0,4.0,25.0
1910,1,3,10,M2,1,2.0,22.0,-38.0,-36.0,-16.0
1911,1,3,10,M2,2,2.0,20.0,-2.0,0.0,18.0
1912,1,3,10,M2,3,2.0,22.0,19.0,21.0,41.0
1913,1,3,10,M2,4,2.0,23.0,20.0,22.0,43.0
1914,1,3,10,M2,5,3.0,22.0,-12.0,-9.0,10.0
1915,1,3,10,M2,6,3.0,24.0,-34.0,-31.0,-10.0
1916,1,3,10,M2,7,3.0,22.0,-27.0,-24.0,-5.0
1917,1,3,10,M2,8,3.0,20.0,2.0,5.0,22.0
1918,1,3,10,M2,9,3.0,22.0,35.0,38.0,57.0
1919,1,3,10,M2,10,3.0,21.0,-8.0,-5.0,13.0
1920,1,3,10,M2,11,3.0,20.0,-39.0,-36.0,-19.0
1921,1,3,10,M2,12,2.0,25.0,-4.0,-2.0,21.0
1922,1,3,10,M2,13,2.0,13.0,-14.0,-12.0,-1.0
1923,1,3,10,M2,14,3.0,22.0,-41.0,-38.0,-19.0
1924,1,3,10,M2,15,3.0,20.0,-32.0,-29.0,-12.0
1925,1,3,10,M2,16,3.0,22.0,-55.0,-52.0,-33.0
1926,1,3,10,M2,17,2.0,19.0,-23.0,-21.0,-4.0
1927,1,3,10,M2,18,2.0,24.0,-44.0,-42.0,-20.0
1928,1,3,10,M2,19,3.0,20.0,-39.0,-36.0,-19.0
1929,1,3,11,M2,0,6.0,77.0,-25.0,-19.0,52.0
1930,1,3,11,M2,1,3.0,20.0,-26.0,-23.0,-6.0
1931,1,3,11,M2,2,3.0,21.0,-5.0,-2.0,16.0
1932,1,3,11,M2,3,2.0,22.0,-2.0,0.0,20.0
1933,1,3,11,M2,4,3.0,22.0,8.0,11.0,30.0
1934,1,3,11,M2,5,3.0,22.0,18.0,21.0,40.0
1935,1,3,11,M2,6,2.0,24.0,-14.0,-12.0,10.0
1936,1,3,11,M2,7,3.0,22.0,-23.0,-20.0,-1.0
1937,1,3,11,M2,8,2.0,21.0,-7.0,-5.0,14.0
1938,1,3,11,M2,9,3.0,21.0,-28.0,-25.0,-7.0
1939,1,3,11,M2,10,2.0,23.0,5.0,7.0,28.0
1940,1,3,11,M2,11,2.0,22.0,9.0,11.0,31.0
1941,1,3,11,M2,12,3.0,22.0,10.0,13.0,32.0
1942,1,3,11,M2,13,3.0,20.0,32.0,35.0,52.0
1943,1,3,11,M2,14,3.0,24.0,9.0,12.0,33.0
1944,1,3,11,M2,15,3.0,21.0,-8.0,-5.0,13.0
1945,1,3,11,M2,16,3.0,22.0,-29.0,-26.0,-7.0
1946,1,3,11,M2,17,3.0,21.0,-11.0,-8.0,10.0
1947,1,3,11,M2,18,3.0,20.0,-22.0,-19.0,-2.0
1948,1,3,12,M1,0,3.0,21.0,-12.0,-9.0,9.0
1949,1,3,12,M1,1,2.0,25.0,-27.0,-25.0,-2.0
1950,1,3,12,M1,2,2.0,23.0,-24.0,-22.0,-1.0
1951,1,3,12,M1,3,2.0,25.0,-21.0,-19.0,4.0
1952,1,3,12,M1,4,2.0,23.0,-3.0,-1.0,20.0
1953,1,3,12,M1,6,2.0,22.0,19.0,21.0,41.0
1954,1,3,12,M1,7,2.0,21.0,-2.0,0.0,19.0
1955,1,3,12,M1,8,2.0,21.0,-15.0,-13.0,6.0
1956,1,3,12,M1,9,3.0,19.0,31.0,34.0,50.0
1957,1,3,12,M1,10,3.0,21.0,49.0,52.0,70.0
1958,1,3,12,M1,11,3.0,23.0,37.0,40.0,60.0
1959,1,3,12,M1,12,2.0,21.0,-5.0,-3.0,16.0
1960,1,3,12,M1,13,3.0,21.0,-32.0,-29.0,-11.0
1961,1,3,12,M1,15,3.0,19.0,-19.0,-16.0,0.0
